nyse_session_date,clock_candidate_rows,nyse_policy_session_rows,eligible_rows,partial_input_rows,degraded_context_rows,early_close_session,first_candidate_time,last_candidate_time,excluded_rows
2019-05-06,22,22,22,0,0,False,2019-05-06 13:45:00+00:00,2019-05-06 19:00:00+00:00,0
2019-05-07,22,22,22,0,0,False,2019-05-07 13:45:00+00:00,2019-05-07 19:00:00+00:00,0
2019-05-08,22,22,22,0,0,False,2019-05-08 13:45:00+00:00,2019-05-08 19:00:00+00:00,0
2019-05-09,22,22,22,0,0,False,2019-05-09 13:45:00+00:00,2019-05-09 19:00:00+00:00,0
2019-05-10,22,22,22,0,0,False,2019-05-10 13:45:00+00:00,2019-05-10 19:00:00+00:00,0
2019-05-13,22,22,22,0,0,False,2019-05-13 13:45:00+00:00,2019-05-13 19:00:00+00:00,0
2019-05-14,22,22,22,0,0,False,2019-05-14 13:45:00+00:00,2019-05-14 19:00:00+00:00,0
2019-05-15,22,22,22,0,0,False,2019-05-15 13:45:00+00:00,2019-05-15 19:00:00+00:00,0
2019-05-16,22,22,22,0,0,False,2019-05-16 13:45:00+00:00,2019-05-16 19:00:00+00:00,0
2019-05-17,22,22,22,0,0,False,2019-05-17 13:45:00+00:00,2019-05-17 19:00:00+00:00,0
2019-05-20,22,22,22,0,0,False,2019-05-20 13:45:00+00:00,2019-05-20 19:00:00+00:00,0
2019-05-21,22,22,22,0,0,False,2019-05-21 13:45:00+00:00,2019-05-21 19:00:00+00:00,0
2019-05-22,22,22,22,0,0,False,2019-05-22 13:45:00+00:00,2019-05-22 19:00:00+00:00,0
2019-05-23,22,22,22,0,0,False,2019-05-23 13:45:00+00:00,2019-05-23 19:00:00+00:00,0
2019-05-24,22,22,22,0,0,False,2019-05-24 13:45:00+00:00,2019-05-24 19:00:00+00:00,0
2019-05-27,14,0,0,8,0,False,2019-05-27 13:45:00+00:00,2019-05-27 17:00:00+00:00,14
2019-05-28,22,22,22,0,0,False,2019-05-28 13:45:00+00:00,2019-05-28 19:00:00+00:00,0
2019-05-29,22,22,22,0,0,False,2019-05-29 13:45:00+00:00,2019-05-29 19:00:00+00:00,0
2019-05-30,22,22,22,0,0,False,2019-05-30 13:45:00+00:00,2019-05-30 19:00:00+00:00,0
2019-05-31,22,22,22,0,0,False,2019-05-31 13:45:00+00:00,2019-05-31 19:00:00+00:00,0
2019-06-03,22,22,22,0,0,False,2019-06-03 13:45:00+00:00,2019-06-03 19:00:00+00:00,0
2019-06-04,22,22,22,0,0,False,2019-06-04 13:45:00+00:00,2019-06-04 19:00:00+00:00,0
2019-06-05,22,22,22,0,0,False,2019-06-05 13:45:00+00:00,2019-06-05 19:00:00+00:00,0
2019-06-06,22,22,22,0,0,False,2019-06-06 13:45:00+00:00,2019-06-06 19:00:00+00:00,0
2019-06-07,22,22,22,0,0,False,2019-06-07 13:45:00+00:00,2019-06-07 19:00:00+00:00,0
2019-06-10,22,22,22,0,0,False,2019-06-10 13:45:00+00:00,2019-06-10 19:00:00+00:00,0
2019-06-11,22,22,22,0,0,False,2019-06-11 13:45:00+00:00,2019-06-11 19:00:00+00:00,0
2019-06-12,22,22,22,0,0,False,2019-06-12 13:45:00+00:00,2019-06-12 19:00:00+00:00,0
2019-06-13,22,22,22,0,0,False,2019-06-13 13:45:00+00:00,2019-06-13 19:00:00+00:00,0
2019-06-14,22,22,22,0,0,False,2019-06-14 13:45:00+00:00,2019-06-14 19:00:00+00:00,0
2019-06-17,22,22,22,0,0,False,2019-06-17 13:45:00+00:00,2019-06-17 19:00:00+00:00,0
2019-06-18,22,22,22,0,0,False,2019-06-18 13:45:00+00:00,2019-06-18 19:00:00+00:00,0
2019-06-19,22,22,22,0,0,False,2019-06-19 13:45:00+00:00,2019-06-19 19:00:00+00:00,0
2019-06-20,22,22,22,0,0,False,2019-06-20 13:45:00+00:00,2019-06-20 19:00:00+00:00,0
2019-06-21,22,22,22,0,0,False,2019-06-21 13:45:00+00:00,2019-06-21 19:00:00+00:00,0
2019-06-24,22,22,22,0,0,False,2019-06-24 13:45:00+00:00,2019-06-24 19:00:00+00:00,0
2019-06-25,22,22,22,0,0,False,2019-06-25 13:45:00+00:00,2019-06-25 19:00:00+00:00,0
2019-06-26,22,22,22,0,0,False,2019-06-26 13:45:00+00:00,2019-06-26 19:00:00+00:00,0
2019-06-27,22,22,22,0,0,False,2019-06-27 13:45:00+00:00,2019-06-27 19:00:00+00:00,0
2019-06-28,22,22,22,0,0,False,2019-06-28 13:45:00+00:00,2019-06-28 19:00:00+00:00,0
2019-07-01,22,22,22,0,0,False,2019-07-01 13:45:00+00:00,2019-07-01 19:00:00+00:00,0
2019-07-02,22,22,22,0,0,False,2019-07-02 13:45:00+00:00,2019-07-02 19:00:00+00:00,0
2019-07-03,15,15,10,0,0,True,2019-07-03 13:45:00+00:00,2019-07-03 17:15:00+00:00,5
2019-07-04,14,0,0,4,0,False,2019-07-04 13:45:00+00:00,2019-07-04 17:00:00+00:00,14
2019-07-05,22,22,22,0,0,False,2019-07-05 13:45:00+00:00,2019-07-05 19:00:00+00:00,0
2019-07-08,22,22,22,0,0,False,2019-07-08 13:45:00+00:00,2019-07-08 19:00:00+00:00,0
2019-07-09,22,22,22,0,0,False,2019-07-09 13:45:00+00:00,2019-07-09 19:00:00+00:00,0
2019-07-10,22,22,22,0,0,False,2019-07-10 13:45:00+00:00,2019-07-10 19:00:00+00:00,0
2019-07-11,22,22,22,0,0,False,2019-07-11 13:45:00+00:00,2019-07-11 19:00:00+00:00,0
2019-07-12,22,22,22,0,0,False,2019-07-12 13:45:00+00:00,2019-07-12 19:00:00+00:00,0
2019-07-15,22,22,22,0,0,False,2019-07-15 13:45:00+00:00,2019-07-15 19:00:00+00:00,0
2019-07-16,22,22,22,0,0,False,2019-07-16 13:45:00+00:00,2019-07-16 19:00:00+00:00,0
2019-07-17,22,22,22,0,0,False,2019-07-17 13:45:00+00:00,2019-07-17 19:00:00+00:00,0
2019-07-18,22,22,22,0,0,False,2019-07-18 13:45:00+00:00,2019-07-18 19:00:00+00:00,0
2019-07-19,22,22,22,0,0,False,2019-07-19 13:45:00+00:00,2019-07-19 19:00:00+00:00,0
2019-07-22,22,22,22,0,0,False,2019-07-22 13:45:00+00:00,2019-07-22 19:00:00+00:00,0
2019-07-23,22,22,22,0,0,False,2019-07-23 13:45:00+00:00,2019-07-23 19:00:00+00:00,0
2019-07-24,22,22,22,0,0,False,2019-07-24 13:45:00+00:00,2019-07-24 19:00:00+00:00,0
2019-07-25,22,22,22,0,0,False,2019-07-25 13:45:00+00:00,2019-07-25 19:00:00+00:00,0
2019-07-26,22,22,22,0,0,False,2019-07-26 13:45:00+00:00,2019-07-26 19:00:00+00:00,0
2019-07-29,22,22,22,0,0,False,2019-07-29 13:45:00+00:00,2019-07-29 19:00:00+00:00,0
2019-07-30,22,22,22,0,0,False,2019-07-30 13:45:00+00:00,2019-07-30 19:00:00+00:00,0
2019-07-31,22,22,22,0,0,False,2019-07-31 13:45:00+00:00,2019-07-31 19:00:00+00:00,0
2019-08-01,22,22,22,0,0,False,2019-08-01 13:45:00+00:00,2019-08-01 19:00:00+00:00,0
2019-08-02,22,22,22,0,0,False,2019-08-02 13:45:00+00:00,2019-08-02 19:00:00+00:00,0
2019-08-05,22,22,22,0,0,False,2019-08-05 13:45:00+00:00,2019-08-05 19:00:00+00:00,0
2019-08-06,22,22,22,0,0,False,2019-08-06 13:45:00+00:00,2019-08-06 19:00:00+00:00,0
2019-08-07,22,22,22,0,0,False,2019-08-07 13:45:00+00:00,2019-08-07 19:00:00+00:00,0
2019-08-08,22,22,22,0,0,False,2019-08-08 13:45:00+00:00,2019-08-08 19:00:00+00:00,0
2019-08-09,22,22,22,0,0,False,2019-08-09 13:45:00+00:00,2019-08-09 19:00:00+00:00,0
2019-08-12,22,22,22,0,0,False,2019-08-12 13:45:00+00:00,2019-08-12 19:00:00+00:00,0
2019-08-13,22,22,22,0,0,False,2019-08-13 13:45:00+00:00,2019-08-13 19:00:00+00:00,0
2019-08-14,22,22,22,0,0,False,2019-08-14 13:45:00+00:00,2019-08-14 19:00:00+00:00,0
2019-08-15,22,22,22,0,0,False,2019-08-15 13:45:00+00:00,2019-08-15 19:00:00+00:00,0
2019-08-16,22,22,22,0,0,False,2019-08-16 13:45:00+00:00,2019-08-16 19:00:00+00:00,0
2019-08-19,22,22,22,0,0,False,2019-08-19 13:45:00+00:00,2019-08-19 19:00:00+00:00,0
2019-08-20,22,22,22,0,0,False,2019-08-20 13:45:00+00:00,2019-08-20 19:00:00+00:00,0
2019-08-21,22,22,22,0,0,False,2019-08-21 13:45:00+00:00,2019-08-21 19:00:00+00:00,0
2019-08-22,22,22,22,0,0,False,2019-08-22 13:45:00+00:00,2019-08-22 19:00:00+00:00,0
2019-08-23,22,22,22,0,0,False,2019-08-23 13:45:00+00:00,2019-08-23 19:00:00+00:00,0
2019-08-26,22,22,22,0,0,False,2019-08-26 13:45:00+00:00,2019-08-26 19:00:00+00:00,0
2019-08-27,22,22,22,0,0,False,2019-08-27 13:45:00+00:00,2019-08-27 19:00:00+00:00,0
2019-08-28,22,22,22,0,0,False,2019-08-28 13:45:00+00:00,2019-08-28 19:00:00+00:00,0
2019-08-29,22,22,22,0,0,False,2019-08-29 13:45:00+00:00,2019-08-29 19:00:00+00:00,0
2019-08-30,22,22,22,0,0,False,2019-08-30 13:45:00+00:00,2019-08-30 19:00:00+00:00,0
2019-09-02,14,0,0,0,0,False,2019-09-02 13:45:00+00:00,2019-09-02 17:00:00+00:00,14
2019-09-03,22,22,22,0,0,False,2019-09-03 13:45:00+00:00,2019-09-03 19:00:00+00:00,0
2019-09-04,22,22,22,0,0,False,2019-09-04 13:45:00+00:00,2019-09-04 19:00:00+00:00,0
2019-09-05,22,22,22,0,0,False,2019-09-05 13:45:00+00:00,2019-09-05 19:00:00+00:00,0
2019-09-06,22,22,22,0,0,False,2019-09-06 13:45:00+00:00,2019-09-06 19:00:00+00:00,0
2019-09-09,22,22,22,0,0,False,2019-09-09 13:45:00+00:00,2019-09-09 19:00:00+00:00,0
2019-09-10,22,22,22,0,0,False,2019-09-10 13:45:00+00:00,2019-09-10 19:00:00+00:00,0
2019-09-11,22,22,22,0,0,False,2019-09-11 13:45:00+00:00,2019-09-11 19:00:00+00:00,0
2019-09-12,22,22,22,0,0,False,2019-09-12 13:45:00+00:00,2019-09-12 19:00:00+00:00,0
2019-09-13,22,22,22,0,0,False,2019-09-13 13:45:00+00:00,2019-09-13 19:00:00+00:00,0
2019-09-16,22,22,22,0,0,False,2019-09-16 13:45:00+00:00,2019-09-16 19:00:00+00:00,0
2019-09-17,22,22,22,0,0,False,2019-09-17 13:45:00+00:00,2019-09-17 19:00:00+00:00,0
2019-09-18,22,22,22,0,0,False,2019-09-18 13:45:00+00:00,2019-09-18 19:00:00+00:00,0
2019-09-19,22,22,22,0,0,False,2019-09-19 13:45:00+00:00,2019-09-19 19:00:00+00:00,0
2019-09-20,22,22,22,0,0,False,2019-09-20 13:45:00+00:00,2019-09-20 19:00:00+00:00,0
2019-09-23,22,22,22,0,0,False,2019-09-23 13:45:00+00:00,2019-09-23 19:00:00+00:00,0
2019-09-24,22,22,22,0,0,False,2019-09-24 13:45:00+00:00,2019-09-24 19:00:00+00:00,0
2019-09-25,22,22,22,0,0,False,2019-09-25 13:45:00+00:00,2019-09-25 19:00:00+00:00,0
2019-09-26,22,22,22,0,0,False,2019-09-26 13:45:00+00:00,2019-09-26 19:00:00+00:00,0
2019-09-27,22,22,22,0,0,False,2019-09-27 13:45:00+00:00,2019-09-27 19:00:00+00:00,0
2019-09-30,22,22,22,0,0,False,2019-09-30 13:45:00+00:00,2019-09-30 19:00:00+00:00,0
2019-10-01,22,22,22,0,0,False,2019-10-01 13:45:00+00:00,2019-10-01 19:00:00+00:00,0
2019-10-02,22,22,22,0,0,False,2019-10-02 13:45:00+00:00,2019-10-02 19:00:00+00:00,0
2019-10-03,22,22,22,0,0,False,2019-10-03 13:45:00+00:00,2019-10-03 19:00:00+00:00,0
2019-10-04,22,22,22,0,0,False,2019-10-04 13:45:00+00:00,2019-10-04 19:00:00+00:00,0
2019-10-07,22,22,22,0,0,False,2019-10-07 13:45:00+00:00,2019-10-07 19:00:00+00:00,0
2019-10-08,22,22,22,0,0,False,2019-10-08 13:45:00+00:00,2019-10-08 19:00:00+00:00,0
2019-10-09,22,22,22,0,0,False,2019-10-09 13:45:00+00:00,2019-10-09 19:00:00+00:00,0
2019-10-10,22,22,22,0,0,False,2019-10-10 13:45:00+00:00,2019-10-10 19:00:00+00:00,0
2019-10-11,22,22,22,0,0,False,2019-10-11 13:45:00+00:00,2019-10-11 19:00:00+00:00,0
2019-10-14,22,22,22,0,0,False,2019-10-14 13:45:00+00:00,2019-10-14 19:00:00+00:00,0
2019-10-15,22,22,22,0,0,False,2019-10-15 13:45:00+00:00,2019-10-15 19:00:00+00:00,0
2019-10-16,22,22,22,0,0,False,2019-10-16 13:45:00+00:00,2019-10-16 19:00:00+00:00,0
2019-10-17,22,22,22,0,0,False,2019-10-17 13:45:00+00:00,2019-10-17 19:00:00+00:00,0
2019-10-18,22,22,22,0,0,False,2019-10-18 13:45:00+00:00,2019-10-18 19:00:00+00:00,0
2019-10-21,22,22,22,0,0,False,2019-10-21 13:45:00+00:00,2019-10-21 19:00:00+00:00,0
2019-10-22,22,22,22,0,0,False,2019-10-22 13:45:00+00:00,2019-10-22 19:00:00+00:00,0
2019-10-23,22,22,22,0,0,False,2019-10-23 13:45:00+00:00,2019-10-23 19:00:00+00:00,0
2019-10-24,22,22,22,0,0,False,2019-10-24 13:45:00+00:00,2019-10-24 19:00:00+00:00,0
2019-10-25,22,22,22,0,0,False,2019-10-25 13:45:00+00:00,2019-10-25 19:00:00+00:00,0
2019-10-28,22,22,22,0,0,False,2019-10-28 13:45:00+00:00,2019-10-28 19:00:00+00:00,0
2019-10-29,22,22,22,0,0,False,2019-10-29 13:45:00+00:00,2019-10-29 19:00:00+00:00,0
2019-10-30,22,22,22,0,0,False,2019-10-30 13:45:00+00:00,2019-10-30 19:00:00+00:00,0
2019-10-31,22,22,22,0,0,False,2019-10-31 13:45:00+00:00,2019-10-31 19:00:00+00:00,0
2019-11-01,22,22,22,0,0,False,2019-11-01 13:45:00+00:00,2019-11-01 19:00:00+00:00,0
2019-11-04,22,22,22,0,0,False,2019-11-04 14:45:00+00:00,2019-11-04 20:00:00+00:00,0
2019-11-05,22,22,22,0,0,False,2019-11-05 14:45:00+00:00,2019-11-05 20:00:00+00:00,0
2019-11-06,22,22,22,0,0,False,2019-11-06 14:45:00+00:00,2019-11-06 20:00:00+00:00,0
2019-11-07,22,22,22,0,0,False,2019-11-07 14:45:00+00:00,2019-11-07 20:00:00+00:00,0
2019-11-08,22,22,22,0,0,False,2019-11-08 14:45:00+00:00,2019-11-08 20:00:00+00:00,0
2019-11-11,22,22,22,0,0,False,2019-11-11 14:45:00+00:00,2019-11-11 20:00:00+00:00,0
2019-11-12,22,22,22,0,0,False,2019-11-12 14:45:00+00:00,2019-11-12 20:00:00+00:00,0
2019-11-13,22,22,22,0,0,False,2019-11-13 14:45:00+00:00,2019-11-13 20:00:00+00:00,0
2019-11-14,22,22,22,0,0,False,2019-11-14 14:45:00+00:00,2019-11-14 20:00:00+00:00,0
2019-11-15,22,22,22,0,0,False,2019-11-15 14:45:00+00:00,2019-11-15 20:00:00+00:00,0
2019-11-18,22,22,22,0,0,False,2019-11-18 14:45:00+00:00,2019-11-18 20:00:00+00:00,0
2019-11-19,22,22,22,0,0,False,2019-11-19 14:45:00+00:00,2019-11-19 20:00:00+00:00,0
2019-11-20,22,22,22,0,0,False,2019-11-20 14:45:00+00:00,2019-11-20 20:00:00+00:00,0
2019-11-21,22,22,22,0,0,False,2019-11-21 14:45:00+00:00,2019-11-21 20:00:00+00:00,0
2019-11-22,22,22,22,0,0,False,2019-11-22 14:45:00+00:00,2019-11-22 20:00:00+00:00,0
2019-11-25,22,22,21,1,0,False,2019-11-25 14:45:00+00:00,2019-11-25 20:00:00+00:00,1
2019-11-26,22,22,22,0,0,False,2019-11-26 14:45:00+00:00,2019-11-26 20:00:00+00:00,0
2019-11-27,22,22,22,0,0,False,2019-11-27 14:45:00+00:00,2019-11-27 20:00:00+00:00,0
2019-11-28,14,0,0,7,0,False,2019-11-28 14:45:00+00:00,2019-11-28 18:00:00+00:00,14
2019-11-29,15,15,10,0,0,True,2019-11-29 14:45:00+00:00,2019-11-29 18:15:00+00:00,5
2019-12-02,22,22,22,0,0,False,2019-12-02 14:45:00+00:00,2019-12-02 20:00:00+00:00,0
2019-12-03,22,22,22,0,0,False,2019-12-03 14:45:00+00:00,2019-12-03 20:00:00+00:00,0
2019-12-04,22,22,22,0,0,False,2019-12-04 14:45:00+00:00,2019-12-04 20:00:00+00:00,0
2019-12-05,22,22,22,0,0,False,2019-12-05 14:45:00+00:00,2019-12-05 20:00:00+00:00,0
2019-12-06,22,22,22,0,0,False,2019-12-06 14:45:00+00:00,2019-12-06 20:00:00+00:00,0
2019-12-09,22,22,22,0,0,False,2019-12-09 14:45:00+00:00,2019-12-09 20:00:00+00:00,0
2019-12-10,22,22,22,0,0,False,2019-12-10 14:45:00+00:00,2019-12-10 20:00:00+00:00,0
2019-12-11,22,22,22,0,0,False,2019-12-11 14:45:00+00:00,2019-12-11 20:00:00+00:00,0
2019-12-12,22,22,22,0,0,False,2019-12-12 14:45:00+00:00,2019-12-12 20:00:00+00:00,0
2019-12-13,22,22,22,0,0,False,2019-12-13 14:45:00+00:00,2019-12-13 20:00:00+00:00,0
2019-12-16,22,22,22,0,0,False,2019-12-16 14:45:00+00:00,2019-12-16 20:00:00+00:00,0
2019-12-17,22,22,22,0,0,False,2019-12-17 14:45:00+00:00,2019-12-17 20:00:00+00:00,0
2019-12-18,22,22,22,0,0,False,2019-12-18 14:45:00+00:00,2019-12-18 20:00:00+00:00,0
2019-12-19,22,22,22,0,0,False,2019-12-19 14:45:00+00:00,2019-12-19 20:00:00+00:00,0
2019-12-20,22,22,21,1,0,False,2019-12-20 14:45:00+00:00,2019-12-20 20:00:00+00:00,1
2019-12-23,22,22,20,2,0,False,2019-12-23 14:45:00+00:00,2019-12-23 20:00:00+00:00,2
2019-12-24,15,15,9,1,0,True,2019-12-24 14:45:00+00:00,2019-12-24 18:15:00+00:00,6
2019-12-26,22,22,21,1,0,False,2019-12-26 14:45:00+00:00,2019-12-26 20:00:00+00:00,1
2019-12-27,22,22,22,0,0,False,2019-12-27 14:45:00+00:00,2019-12-27 20:00:00+00:00,0
2019-12-30,22,22,22,0,0,False,2019-12-30 14:45:00+00:00,2019-12-30 20:00:00+00:00,0
2019-12-31,22,22,22,0,0,False,2019-12-31 14:45:00+00:00,2019-12-31 20:00:00+00:00,0
2020-01-02,22,22,22,0,0,False,2020-01-02 14:45:00+00:00,2020-01-02 20:00:00+00:00,0
2020-01-03,22,22,22,0,0,False,2020-01-03 14:45:00+00:00,2020-01-03 20:00:00+00:00,0
2020-01-06,22,22,22,0,0,False,2020-01-06 14:45:00+00:00,2020-01-06 20:00:00+00:00,0
2020-01-07,22,22,22,0,0,False,2020-01-07 14:45:00+00:00,2020-01-07 20:00:00+00:00,0
2020-01-08,22,22,22,0,0,False,2020-01-08 14:45:00+00:00,2020-01-08 20:00:00+00:00,0
2020-01-09,22,22,22,0,0,False,2020-01-09 14:45:00+00:00,2020-01-09 20:00:00+00:00,0
2020-01-10,22,22,22,0,0,False,2020-01-10 14:45:00+00:00,2020-01-10 20:00:00+00:00,0
2020-01-13,22,22,22,0,0,False,2020-01-13 14:45:00+00:00,2020-01-13 20:00:00+00:00,0
2020-01-14,22,22,22,0,0,False,2020-01-14 14:45:00+00:00,2020-01-14 20:00:00+00:00,0
2020-01-15,22,22,22,0,0,False,2020-01-15 14:45:00+00:00,2020-01-15 20:00:00+00:00,0
2020-01-16,22,22,22,0,0,False,2020-01-16 14:45:00+00:00,2020-01-16 20:00:00+00:00,0
2020-01-17,22,22,22,0,0,False,2020-01-17 14:45:00+00:00,2020-01-17 20:00:00+00:00,0
2020-01-20,14,0,0,6,0,False,2020-01-20 14:45:00+00:00,2020-01-20 18:00:00+00:00,14
2020-01-21,22,22,22,0,0,False,2020-01-21 14:45:00+00:00,2020-01-21 20:00:00+00:00,0
2020-01-22,22,22,22,0,0,False,2020-01-22 14:45:00+00:00,2020-01-22 20:00:00+00:00,0
2020-01-23,22,22,22,0,0,False,2020-01-23 14:45:00+00:00,2020-01-23 20:00:00+00:00,0
2020-01-24,22,22,22,0,0,False,2020-01-24 14:45:00+00:00,2020-01-24 20:00:00+00:00,0
2020-01-27,22,22,22,0,0,False,2020-01-27 14:45:00+00:00,2020-01-27 20:00:00+00:00,0
2020-01-28,22,22,22,0,0,False,2020-01-28 14:45:00+00:00,2020-01-28 20:00:00+00:00,0
2020-01-29,22,22,22,0,0,False,2020-01-29 14:45:00+00:00,2020-01-29 20:00:00+00:00,0
2020-01-30,22,22,22,0,0,False,2020-01-30 14:45:00+00:00,2020-01-30 20:00:00+00:00,0
2020-01-31,22,22,22,0,0,False,2020-01-31 14:45:00+00:00,2020-01-31 20:00:00+00:00,0
2020-02-03,22,22,22,0,0,False,2020-02-03 14:45:00+00:00,2020-02-03 20:00:00+00:00,0
2020-02-04,22,22,22,0,0,False,2020-02-04 14:45:00+00:00,2020-02-04 20:00:00+00:00,0
2020-02-05,22,22,22,0,0,False,2020-02-05 14:45:00+00:00,2020-02-05 20:00:00+00:00,0
2020-02-06,22,22,22,0,0,False,2020-02-06 14:45:00+00:00,2020-02-06 20:00:00+00:00,0
2020-02-07,22,22,22,0,0,False,2020-02-07 14:45:00+00:00,2020-02-07 20:00:00+00:00,0
2020-02-10,22,22,22,0,0,False,2020-02-10 14:45:00+00:00,2020-02-10 20:00:00+00:00,0
2020-02-11,22,22,22,0,0,False,2020-02-11 14:45:00+00:00,2020-02-11 20:00:00+00:00,0
2020-02-12,22,22,22,0,0,False,2020-02-12 14:45:00+00:00,2020-02-12 20:00:00+00:00,0
2020-02-13,22,22,22,0,0,False,2020-02-13 14:45:00+00:00,2020-02-13 20:00:00+00:00,0
2020-02-14,22,22,22,0,0,False,2020-02-14 14:45:00+00:00,2020-02-14 20:00:00+00:00,0
2020-02-17,14,0,0,6,0,False,2020-02-17 14:45:00+00:00,2020-02-17 18:00:00+00:00,14
2020-02-18,22,22,22,0,0,False,2020-02-18 14:45:00+00:00,2020-02-18 20:00:00+00:00,0
2020-02-19,22,22,22,0,0,False,2020-02-19 14:45:00+00:00,2020-02-19 20:00:00+00:00,0
2020-02-20,22,22,22,0,0,False,2020-02-20 14:45:00+00:00,2020-02-20 20:00:00+00:00,0
2020-02-21,22,22,22,0,0,False,2020-02-21 14:45:00+00:00,2020-02-21 20:00:00+00:00,0
2020-02-24,22,22,22,0,0,False,2020-02-24 14:45:00+00:00,2020-02-24 20:00:00+00:00,0
2020-02-25,22,22,22,0,0,False,2020-02-25 14:45:00+00:00,2020-02-25 20:00:00+00:00,0
2020-02-26,22,22,22,0,0,False,2020-02-26 14:45:00+00:00,2020-02-26 20:00:00+00:00,0
2020-02-27,22,22,22,0,22,False,2020-02-27 14:45:00+00:00,2020-02-27 20:00:00+00:00,0
2020-02-28,22,22,22,0,22,False,2020-02-28 14:45:00+00:00,2020-02-28 20:00:00+00:00,0
2020-03-02,22,22,22,0,0,False,2020-03-02 14:45:00+00:00,2020-03-02 20:00:00+00:00,0
2020-03-03,22,22,22,0,0,False,2020-03-03 14:45:00+00:00,2020-03-03 20:00:00+00:00,0
2020-03-04,22,22,22,0,0,False,2020-03-04 14:45:00+00:00,2020-03-04 20:00:00+00:00,0
2020-03-05,22,22,22,0,0,False,2020-03-05 14:45:00+00:00,2020-03-05 20:00:00+00:00,0
2020-03-06,22,22,22,0,0,False,2020-03-06 14:45:00+00:00,2020-03-06 20:00:00+00:00,0
2020-03-09,22,22,20,2,0,False,2020-03-09 13:45:00+00:00,2020-03-09 19:00:00+00:00,2
2020-03-10,22,22,22,0,0,False,2020-03-10 13:45:00+00:00,2020-03-10 19:00:00+00:00,0
2020-03-11,22,22,22,0,0,False,2020-03-11 13:45:00+00:00,2020-03-11 19:00:00+00:00,0
2020-03-12,22,22,20,2,0,False,2020-03-12 13:45:00+00:00,2020-03-12 19:00:00+00:00,2
2020-03-13,22,22,22,0,0,False,2020-03-13 13:45:00+00:00,2020-03-13 19:00:00+00:00,0
2020-03-16,22,22,21,1,0,False,2020-03-16 13:45:00+00:00,2020-03-16 19:00:00+00:00,1
2020-03-17,22,22,22,0,0,False,2020-03-17 13:45:00+00:00,2020-03-17 19:00:00+00:00,0
2020-03-18,22,22,20,2,0,False,2020-03-18 13:45:00+00:00,2020-03-18 19:00:00+00:00,2
2020-03-19,22,22,22,0,0,False,2020-03-19 13:45:00+00:00,2020-03-19 19:00:00+00:00,0
2020-03-20,22,22,22,0,0,False,2020-03-20 13:45:00+00:00,2020-03-20 19:00:00+00:00,0
2020-03-23,22,22,22,0,0,False,2020-03-23 13:45:00+00:00,2020-03-23 19:00:00+00:00,0
2020-03-24,22,22,22,0,0,False,2020-03-24 13:45:00+00:00,2020-03-24 19:00:00+00:00,0
2020-03-25,22,22,22,0,0,False,2020-03-25 13:45:00+00:00,2020-03-25 19:00:00+00:00,0
2020-03-26,22,22,22,0,0,False,2020-03-26 13:45:00+00:00,2020-03-26 19:00:00+00:00,0
2020-03-27,22,22,22,0,0,False,2020-03-27 13:45:00+00:00,2020-03-27 19:00:00+00:00,0
2020-03-30,22,22,22,0,0,False,2020-03-30 13:45:00+00:00,2020-03-30 19:00:00+00:00,0
2020-03-31,22,22,22,0,0,False,2020-03-31 13:45:00+00:00,2020-03-31 19:00:00+00:00,0
2020-04-01,22,22,22,0,0,False,2020-04-01 13:45:00+00:00,2020-04-01 19:00:00+00:00,0
2020-04-02,22,22,22,0,0,False,2020-04-02 13:45:00+00:00,2020-04-02 19:00:00+00:00,0
2020-04-03,22,22,22,0,0,False,2020-04-03 13:45:00+00:00,2020-04-03 19:00:00+00:00,0
2020-04-06,22,22,22,0,0,False,2020-04-06 13:45:00+00:00,2020-04-06 19:00:00+00:00,0
2020-04-07,22,22,22,0,0,False,2020-04-07 13:45:00+00:00,2020-04-07 19:00:00+00:00,0
2020-04-08,22,22,22,0,0,False,2020-04-08 13:45:00+00:00,2020-04-08 19:00:00+00:00,0
2020-04-09,22,22,22,0,0,False,2020-04-09 13:45:00+00:00,2020-04-09 19:00:00+00:00,0
2020-04-13,22,22,22,0,0,False,2020-04-13 13:45:00+00:00,2020-04-13 19:00:00+00:00,0
2020-04-14,22,22,22,0,0,False,2020-04-14 13:45:00+00:00,2020-04-14 19:00:00+00:00,0
2020-04-15,22,22,22,0,0,False,2020-04-15 13:45:00+00:00,2020-04-15 19:00:00+00:00,0
2020-04-16,22,22,22,0,0,False,2020-04-16 13:45:00+00:00,2020-04-16 19:00:00+00:00,0
2020-04-17,22,22,22,0,0,False,2020-04-17 13:45:00+00:00,2020-04-17 19:00:00+00:00,0
2020-04-20,22,22,22,0,0,False,2020-04-20 13:45:00+00:00,2020-04-20 19:00:00+00:00,0
2020-04-21,22,22,22,0,0,False,2020-04-21 13:45:00+00:00,2020-04-21 19:00:00+00:00,0
2020-04-22,22,22,22,0,0,False,2020-04-22 13:45:00+00:00,2020-04-22 19:00:00+00:00,0
2020-04-23,22,22,22,0,0,False,2020-04-23 13:45:00+00:00,2020-04-23 19:00:00+00:00,0
2020-04-24,22,22,22,0,0,False,2020-04-24 13:45:00+00:00,2020-04-24 19:00:00+00:00,0
2020-04-27,22,22,22,0,0,False,2020-04-27 13:45:00+00:00,2020-04-27 19:00:00+00:00,0
2020-04-28,22,22,22,0,0,False,2020-04-28 13:45:00+00:00,2020-04-28 19:00:00+00:00,0
2020-04-29,22,22,22,0,0,False,2020-04-29 13:45:00+00:00,2020-04-29 19:00:00+00:00,0
2020-04-30,22,22,22,0,0,False,2020-04-30 13:45:00+00:00,2020-04-30 19:00:00+00:00,0
2020-05-01,22,22,22,0,0,False,2020-05-01 13:45:00+00:00,2020-05-01 19:00:00+00:00,0
2020-05-04,22,22,22,0,0,False,2020-05-04 13:45:00+00:00,2020-05-04 19:00:00+00:00,0
2020-05-05,22,22,22,0,0,False,2020-05-05 13:45:00+00:00,2020-05-05 19:00:00+00:00,0
2020-05-06,22,22,22,0,0,False,2020-05-06 13:45:00+00:00,2020-05-06 19:00:00+00:00,0
2020-05-07,22,22,22,0,0,False,2020-05-07 13:45:00+00:00,2020-05-07 19:00:00+00:00,0
2020-05-08,22,22,22,0,0,False,2020-05-08 13:45:00+00:00,2020-05-08 19:00:00+00:00,0
2020-05-11,22,22,22,0,0,False,2020-05-11 13:45:00+00:00,2020-05-11 19:00:00+00:00,0
2020-05-12,22,22,22,0,0,False,2020-05-12 13:45:00+00:00,2020-05-12 19:00:00+00:00,0
2020-05-13,22,22,22,0,0,False,2020-05-13 13:45:00+00:00,2020-05-13 19:00:00+00:00,0
2020-05-14,22,22,22,0,0,False,2020-05-14 13:45:00+00:00,2020-05-14 19:00:00+00:00,0
2020-05-15,22,22,22,0,0,False,2020-05-15 13:45:00+00:00,2020-05-15 19:00:00+00:00,0
2020-05-18,22,22,22,0,0,False,2020-05-18 13:45:00+00:00,2020-05-18 19:00:00+00:00,0
2020-05-19,22,22,22,0,0,False,2020-05-19 13:45:00+00:00,2020-05-19 19:00:00+00:00,0
2020-05-20,22,22,22,0,0,False,2020-05-20 13:45:00+00:00,2020-05-20 19:00:00+00:00,0
2020-05-21,22,22,22,0,0,False,2020-05-21 13:45:00+00:00,2020-05-21 19:00:00+00:00,0
2020-05-22,22,22,22,0,0,False,2020-05-22 13:45:00+00:00,2020-05-22 19:00:00+00:00,0
2020-05-25,14,0,0,0,0,False,2020-05-25 13:45:00+00:00,2020-05-25 17:00:00+00:00,14
2020-05-26,22,22,22,0,0,False,2020-05-26 13:45:00+00:00,2020-05-26 19:00:00+00:00,0
2020-05-27,22,22,22,0,0,False,2020-05-27 13:45:00+00:00,2020-05-27 19:00:00+00:00,0
2020-05-28,22,22,22,0,0,False,2020-05-28 13:45:00+00:00,2020-05-28 19:00:00+00:00,0
2020-05-29,22,22,22,0,0,False,2020-05-29 13:45:00+00:00,2020-05-29 19:00:00+00:00,0
2020-06-01,22,22,22,0,0,False,2020-06-01 13:45:00+00:00,2020-06-01 19:00:00+00:00,0
2020-06-02,22,22,22,0,0,False,2020-06-02 13:45:00+00:00,2020-06-02 19:00:00+00:00,0
2020-06-03,22,22,22,0,0,False,2020-06-03 13:45:00+00:00,2020-06-03 19:00:00+00:00,0
2020-06-04,22,22,22,0,0,False,2020-06-04 13:45:00+00:00,2020-06-04 19:00:00+00:00,0
2020-06-05,22,22,22,0,0,False,2020-06-05 13:45:00+00:00,2020-06-05 19:00:00+00:00,0
2020-06-08,22,22,22,0,0,False,2020-06-08 13:45:00+00:00,2020-06-08 19:00:00+00:00,0
2020-06-09,22,22,22,0,0,False,2020-06-09 13:45:00+00:00,2020-06-09 19:00:00+00:00,0
2020-06-10,22,22,22,0,0,False,2020-06-10 13:45:00+00:00,2020-06-10 19:00:00+00:00,0
2020-06-11,22,22,22,0,0,False,2020-06-11 13:45:00+00:00,2020-06-11 19:00:00+00:00,0
2020-06-12,22,22,22,0,0,False,2020-06-12 13:45:00+00:00,2020-06-12 19:00:00+00:00,0
2020-06-15,22,22,22,0,0,False,2020-06-15 13:45:00+00:00,2020-06-15 19:00:00+00:00,0
2020-06-16,22,22,22,0,0,False,2020-06-16 13:45:00+00:00,2020-06-16 19:00:00+00:00,0
2020-06-17,22,22,22,0,0,False,2020-06-17 13:45:00+00:00,2020-06-17 19:00:00+00:00,0
2020-06-18,22,22,22,0,0,False,2020-06-18 13:45:00+00:00,2020-06-18 19:00:00+00:00,0
2020-06-19,22,22,22,0,0,False,2020-06-19 13:45:00+00:00,2020-06-19 19:00:00+00:00,0
2020-06-22,22,22,22,0,0,False,2020-06-22 13:45:00+00:00,2020-06-22 19:00:00+00:00,0
2020-06-23,22,22,22,0,0,False,2020-06-23 13:45:00+00:00,2020-06-23 19:00:00+00:00,0
2020-06-24,22,22,22,0,0,False,2020-06-24 13:45:00+00:00,2020-06-24 19:00:00+00:00,0
2020-06-25,22,22,22,0,0,False,2020-06-25 13:45:00+00:00,2020-06-25 19:00:00+00:00,0
2020-06-26,22,22,22,0,0,False,2020-06-26 13:45:00+00:00,2020-06-26 19:00:00+00:00,0
2020-06-29,22,22,22,0,0,False,2020-06-29 13:45:00+00:00,2020-06-29 19:00:00+00:00,0
2020-06-30,22,22,22,0,22,False,2020-06-30 13:45:00+00:00,2020-06-30 19:00:00+00:00,0
2020-07-01,22,22,22,0,22,False,2020-07-01 13:45:00+00:00,2020-07-01 19:00:00+00:00,0
2020-07-02,22,22,22,0,0,False,2020-07-02 13:45:00+00:00,2020-07-02 19:00:00+00:00,0
2020-07-03,14,0,0,0,0,False,2020-07-03 13:45:00+00:00,2020-07-03 17:00:00+00:00,14
2020-07-06,22,22,22,0,0,False,2020-07-06 13:45:00+00:00,2020-07-06 19:00:00+00:00,0
2020-07-07,22,22,22,0,0,False,2020-07-07 13:45:00+00:00,2020-07-07 19:00:00+00:00,0
2020-07-08,22,22,22,0,0,False,2020-07-08 13:45:00+00:00,2020-07-08 19:00:00+00:00,0
2020-07-09,22,22,22,0,0,False,2020-07-09 13:45:00+00:00,2020-07-09 19:00:00+00:00,0
2020-07-10,22,22,22,0,0,False,2020-07-10 13:45:00+00:00,2020-07-10 19:00:00+00:00,0
2020-07-13,22,22,22,0,0,False,2020-07-13 13:45:00+00:00,2020-07-13 19:00:00+00:00,0
2020-07-14,22,22,22,0,0,False,2020-07-14 13:45:00+00:00,2020-07-14 19:00:00+00:00,0
2020-07-15,22,22,22,0,0,False,2020-07-15 13:45:00+00:00,2020-07-15 19:00:00+00:00,0
2020-07-16,22,22,22,0,0,False,2020-07-16 13:45:00+00:00,2020-07-16 19:00:00+00:00,0
2020-07-17,22,22,22,0,0,False,2020-07-17 13:45:00+00:00,2020-07-17 19:00:00+00:00,0
2020-07-20,22,22,22,0,0,False,2020-07-20 13:45:00+00:00,2020-07-20 19:00:00+00:00,0
2020-07-21,22,22,22,0,0,False,2020-07-21 13:45:00+00:00,2020-07-21 19:00:00+00:00,0
2020-07-22,22,22,22,0,0,False,2020-07-22 13:45:00+00:00,2020-07-22 19:00:00+00:00,0
2020-07-23,22,22,22,0,0,False,2020-07-23 13:45:00+00:00,2020-07-23 19:00:00+00:00,0
2020-07-24,22,22,22,0,0,False,2020-07-24 13:45:00+00:00,2020-07-24 19:00:00+00:00,0
2020-07-27,22,22,22,0,0,False,2020-07-27 13:45:00+00:00,2020-07-27 19:00:00+00:00,0
2020-07-28,22,22,22,0,0,False,2020-07-28 13:45:00+00:00,2020-07-28 19:00:00+00:00,0
2020-07-29,22,22,22,0,0,False,2020-07-29 13:45:00+00:00,2020-07-29 19:00:00+00:00,0
2020-07-30,22,22,22,0,0,False,2020-07-30 13:45:00+00:00,2020-07-30 19:00:00+00:00,0
2020-07-31,22,22,22,0,0,False,2020-07-31 13:45:00+00:00,2020-07-31 19:00:00+00:00,0
2020-08-03,22,22,22,0,0,False,2020-08-03 13:45:00+00:00,2020-08-03 19:00:00+00:00,0
2020-08-04,22,22,22,0,0,False,2020-08-04 13:45:00+00:00,2020-08-04 19:00:00+00:00,0
2020-08-05,22,22,22,0,0,False,2020-08-05 13:45:00+00:00,2020-08-05 19:00:00+00:00,0
2020-08-06,22,22,22,0,0,False,2020-08-06 13:45:00+00:00,2020-08-06 19:00:00+00:00,0
2020-08-07,22,22,22,0,0,False,2020-08-07 13:45:00+00:00,2020-08-07 19:00:00+00:00,0
2020-08-10,22,22,22,0,0,False,2020-08-10 13:45:00+00:00,2020-08-10 19:00:00+00:00,0
2020-08-11,22,22,22,0,0,False,2020-08-11 13:45:00+00:00,2020-08-11 19:00:00+00:00,0
2020-08-12,22,22,22,0,0,False,2020-08-12 13:45:00+00:00,2020-08-12 19:00:00+00:00,0
2020-08-13,22,22,22,0,0,False,2020-08-13 13:45:00+00:00,2020-08-13 19:00:00+00:00,0
2020-08-14,22,22,22,0,0,False,2020-08-14 13:45:00+00:00,2020-08-14 19:00:00+00:00,0
2020-08-17,22,22,22,0,0,False,2020-08-17 13:45:00+00:00,2020-08-17 19:00:00+00:00,0
2020-08-18,22,22,22,0,0,False,2020-08-18 13:45:00+00:00,2020-08-18 19:00:00+00:00,0
2020-08-19,22,22,22,0,0,False,2020-08-19 13:45:00+00:00,2020-08-19 19:00:00+00:00,0
2020-08-20,22,22,22,0,0,False,2020-08-20 13:45:00+00:00,2020-08-20 19:00:00+00:00,0
2020-08-21,22,22,22,0,0,False,2020-08-21 13:45:00+00:00,2020-08-21 19:00:00+00:00,0
2020-08-24,22,22,22,0,0,False,2020-08-24 13:45:00+00:00,2020-08-24 19:00:00+00:00,0
2020-08-25,22,22,22,0,0,False,2020-08-25 13:45:00+00:00,2020-08-25 19:00:00+00:00,0
2020-08-26,22,22,22,0,0,False,2020-08-26 13:45:00+00:00,2020-08-26 19:00:00+00:00,0
2020-08-27,22,22,22,0,0,False,2020-08-27 13:45:00+00:00,2020-08-27 19:00:00+00:00,0
2020-08-28,22,22,22,0,0,False,2020-08-28 13:45:00+00:00,2020-08-28 19:00:00+00:00,0
2020-08-31,22,22,22,0,0,False,2020-08-31 13:45:00+00:00,2020-08-31 19:00:00+00:00,0
2020-09-01,22,22,22,0,0,False,2020-09-01 13:45:00+00:00,2020-09-01 19:00:00+00:00,0
2020-09-02,22,22,22,0,0,False,2020-09-02 13:45:00+00:00,2020-09-02 19:00:00+00:00,0
2020-09-03,22,22,22,0,0,False,2020-09-03 13:45:00+00:00,2020-09-03 19:00:00+00:00,0
2020-09-04,22,22,22,0,0,False,2020-09-04 13:45:00+00:00,2020-09-04 19:00:00+00:00,0
2020-09-07,14,0,0,0,0,False,2020-09-07 13:45:00+00:00,2020-09-07 17:00:00+00:00,14
2020-09-08,22,22,22,0,0,False,2020-09-08 13:45:00+00:00,2020-09-08 19:00:00+00:00,0
2020-09-09,22,22,22,0,0,False,2020-09-09 13:45:00+00:00,2020-09-09 19:00:00+00:00,0
2020-09-10,22,22,22,0,0,False,2020-09-10 13:45:00+00:00,2020-09-10 19:00:00+00:00,0
2020-09-11,22,22,22,0,0,False,2020-09-11 13:45:00+00:00,2020-09-11 19:00:00+00:00,0
2020-09-14,22,22,22,0,0,False,2020-09-14 13:45:00+00:00,2020-09-14 19:00:00+00:00,0
2020-09-15,22,22,22,0,0,False,2020-09-15 13:45:00+00:00,2020-09-15 19:00:00+00:00,0
2020-09-16,22,22,22,0,0,False,2020-09-16 13:45:00+00:00,2020-09-16 19:00:00+00:00,0
2020-09-17,22,22,22,0,0,False,2020-09-17 13:45:00+00:00,2020-09-17 19:00:00+00:00,0
2020-09-18,22,22,22,0,0,False,2020-09-18 13:45:00+00:00,2020-09-18 19:00:00+00:00,0
2020-09-21,22,22,22,0,0,False,2020-09-21 13:45:00+00:00,2020-09-21 19:00:00+00:00,0
2020-09-22,22,22,22,0,0,False,2020-09-22 13:45:00+00:00,2020-09-22 19:00:00+00:00,0
2020-09-23,22,22,22,0,0,False,2020-09-23 13:45:00+00:00,2020-09-23 19:00:00+00:00,0
2020-09-24,22,22,22,0,0,False,2020-09-24 13:45:00+00:00,2020-09-24 19:00:00+00:00,0
2020-09-25,22,22,22,0,0,False,2020-09-25 13:45:00+00:00,2020-09-25 19:00:00+00:00,0
2020-09-28,22,22,22,0,0,False,2020-09-28 13:45:00+00:00,2020-09-28 19:00:00+00:00,0
2020-09-29,22,22,22,0,0,False,2020-09-29 13:45:00+00:00,2020-09-29 19:00:00+00:00,0
2020-09-30,22,22,22,0,0,False,2020-09-30 13:45:00+00:00,2020-09-30 19:00:00+00:00,0
2020-10-01,22,22,22,0,0,False,2020-10-01 13:45:00+00:00,2020-10-01 19:00:00+00:00,0
2020-10-02,22,22,22,0,0,False,2020-10-02 13:45:00+00:00,2020-10-02 19:00:00+00:00,0
2020-10-05,22,22,22,0,0,False,2020-10-05 13:45:00+00:00,2020-10-05 19:00:00+00:00,0
2020-10-06,22,22,22,0,0,False,2020-10-06 13:45:00+00:00,2020-10-06 19:00:00+00:00,0
2020-10-07,22,22,22,0,0,False,2020-10-07 13:45:00+00:00,2020-10-07 19:00:00+00:00,0
2020-10-08,22,22,22,0,0,False,2020-10-08 13:45:00+00:00,2020-10-08 19:00:00+00:00,0
2020-10-09,22,22,22,0,0,False,2020-10-09 13:45:00+00:00,2020-10-09 19:00:00+00:00,0
2020-10-12,22,22,22,0,0,False,2020-10-12 13:45:00+00:00,2020-10-12 19:00:00+00:00,0
2020-10-13,22,22,22,0,0,False,2020-10-13 13:45:00+00:00,2020-10-13 19:00:00+00:00,0
2020-10-14,22,22,22,0,0,False,2020-10-14 13:45:00+00:00,2020-10-14 19:00:00+00:00,0
2020-10-15,22,22,22,0,0,False,2020-10-15 13:45:00+00:00,2020-10-15 19:00:00+00:00,0
2020-10-16,22,22,22,0,0,False,2020-10-16 13:45:00+00:00,2020-10-16 19:00:00+00:00,0
2020-10-19,22,22,22,0,0,False,2020-10-19 13:45:00+00:00,2020-10-19 19:00:00+00:00,0
2020-10-20,22,22,22,0,0,False,2020-10-20 13:45:00+00:00,2020-10-20 19:00:00+00:00,0
2020-10-21,22,22,22,0,0,False,2020-10-21 13:45:00+00:00,2020-10-21 19:00:00+00:00,0
2020-10-22,22,22,22,0,0,False,2020-10-22 13:45:00+00:00,2020-10-22 19:00:00+00:00,0
2020-10-23,22,22,22,0,0,False,2020-10-23 13:45:00+00:00,2020-10-23 19:00:00+00:00,0
2020-10-26,22,22,22,0,0,False,2020-10-26 13:45:00+00:00,2020-10-26 19:00:00+00:00,0
2020-10-27,22,22,22,0,0,False,2020-10-27 13:45:00+00:00,2020-10-27 19:00:00+00:00,0
2020-10-28,22,22,22,0,0,False,2020-10-28 13:45:00+00:00,2020-10-28 19:00:00+00:00,0
2020-10-29,22,22,22,0,0,False,2020-10-29 13:45:00+00:00,2020-10-29 19:00:00+00:00,0
2020-10-30,22,22,22,0,0,False,2020-10-30 13:45:00+00:00,2020-10-30 19:00:00+00:00,0
2020-11-02,22,22,22,0,0,False,2020-11-02 14:45:00+00:00,2020-11-02 20:00:00+00:00,0
2020-11-03,22,22,22,0,0,False,2020-11-03 14:45:00+00:00,2020-11-03 20:00:00+00:00,0
2020-11-04,22,22,22,0,0,False,2020-11-04 14:45:00+00:00,2020-11-04 20:00:00+00:00,0
2020-11-05,22,22,22,0,0,False,2020-11-05 14:45:00+00:00,2020-11-05 20:00:00+00:00,0
2020-11-06,22,22,22,0,0,False,2020-11-06 14:45:00+00:00,2020-11-06 20:00:00+00:00,0
2020-11-09,22,22,22,0,0,False,2020-11-09 14:45:00+00:00,2020-11-09 20:00:00+00:00,0
2020-11-10,22,22,22,0,0,False,2020-11-10 14:45:00+00:00,2020-11-10 20:00:00+00:00,0
2020-11-11,22,22,22,0,0,False,2020-11-11 14:45:00+00:00,2020-11-11 20:00:00+00:00,0
2020-11-12,22,22,22,0,0,False,2020-11-12 14:45:00+00:00,2020-11-12 20:00:00+00:00,0
2020-11-13,22,22,22,0,0,False,2020-11-13 14:45:00+00:00,2020-11-13 20:00:00+00:00,0
2020-11-16,22,22,22,0,0,False,2020-11-16 14:45:00+00:00,2020-11-16 20:00:00+00:00,0
2020-11-17,22,22,22,0,0,False,2020-11-17 14:45:00+00:00,2020-11-17 20:00:00+00:00,0
2020-11-18,22,22,22,0,0,False,2020-11-18 14:45:00+00:00,2020-11-18 20:00:00+00:00,0
2020-11-19,22,22,22,0,0,False,2020-11-19 14:45:00+00:00,2020-11-19 20:00:00+00:00,0
2020-11-20,22,22,22,0,0,False,2020-11-20 14:45:00+00:00,2020-11-20 20:00:00+00:00,0
2020-11-23,22,22,22,0,0,False,2020-11-23 14:45:00+00:00,2020-11-23 20:00:00+00:00,0
2020-11-24,22,22,22,0,0,False,2020-11-24 14:45:00+00:00,2020-11-24 20:00:00+00:00,0
2020-11-25,22,22,22,0,0,False,2020-11-25 14:45:00+00:00,2020-11-25 20:00:00+00:00,0
2020-11-26,14,0,0,0,0,False,2020-11-26 14:45:00+00:00,2020-11-26 18:00:00+00:00,14
2020-11-27,15,15,10,0,0,True,2020-11-27 14:45:00+00:00,2020-11-27 18:15:00+00:00,5
2020-11-30,22,22,22,0,0,False,2020-11-30 14:45:00+00:00,2020-11-30 20:00:00+00:00,0
2020-12-01,22,22,22,0,0,False,2020-12-01 14:45:00+00:00,2020-12-01 20:00:00+00:00,0
2020-12-02,22,22,22,0,0,False,2020-12-02 14:45:00+00:00,2020-12-02 20:00:00+00:00,0
2020-12-03,22,22,22,0,0,False,2020-12-03 14:45:00+00:00,2020-12-03 20:00:00+00:00,0
2020-12-04,22,22,22,0,0,False,2020-12-04 14:45:00+00:00,2020-12-04 20:00:00+00:00,0
2020-12-07,22,22,22,0,0,False,2020-12-07 14:45:00+00:00,2020-12-07 20:00:00+00:00,0
2020-12-08,22,22,22,0,0,False,2020-12-08 14:45:00+00:00,2020-12-08 20:00:00+00:00,0
2020-12-09,22,22,22,0,0,False,2020-12-09 14:45:00+00:00,2020-12-09 20:00:00+00:00,0
2020-12-10,22,22,22,0,0,False,2020-12-10 14:45:00+00:00,2020-12-10 20:00:00+00:00,0
2020-12-11,22,22,22,0,0,False,2020-12-11 14:45:00+00:00,2020-12-11 20:00:00+00:00,0
2020-12-14,22,22,22,0,0,False,2020-12-14 14:45:00+00:00,2020-12-14 20:00:00+00:00,0
2020-12-15,22,22,22,0,0,False,2020-12-15 14:45:00+00:00,2020-12-15 20:00:00+00:00,0
2020-12-16,22,22,22,0,0,False,2020-12-16 14:45:00+00:00,2020-12-16 20:00:00+00:00,0
2020-12-17,22,22,22,0,0,False,2020-12-17 14:45:00+00:00,2020-12-17 20:00:00+00:00,0
2020-12-18,22,22,22,0,0,False,2020-12-18 14:45:00+00:00,2020-12-18 20:00:00+00:00,0
2020-12-21,22,22,22,0,0,False,2020-12-21 14:45:00+00:00,2020-12-21 20:00:00+00:00,0
2020-12-22,22,22,22,0,0,False,2020-12-22 14:45:00+00:00,2020-12-22 20:00:00+00:00,0
2020-12-23,22,22,22,0,0,False,2020-12-23 14:45:00+00:00,2020-12-23 20:00:00+00:00,0
2020-12-24,15,15,10,0,0,True,2020-12-24 14:45:00+00:00,2020-12-24 18:15:00+00:00,5
2020-12-28,22,22,22,0,0,False,2020-12-28 14:45:00+00:00,2020-12-28 20:00:00+00:00,0
2020-12-29,22,22,22,0,0,False,2020-12-29 14:45:00+00:00,2020-12-29 20:00:00+00:00,0
2020-12-30,22,22,22,0,0,False,2020-12-30 14:45:00+00:00,2020-12-30 20:00:00+00:00,0
2020-12-31,22,22,22,0,0,False,2020-12-31 14:45:00+00:00,2020-12-31 20:00:00+00:00,0
2021-01-04,22,22,22,0,0,False,2021-01-04 14:45:00+00:00,2021-01-04 20:00:00+00:00,0
2021-01-05,22,22,22,0,0,False,2021-01-05 14:45:00+00:00,2021-01-05 20:00:00+00:00,0
2021-01-06,22,22,22,0,0,False,2021-01-06 14:45:00+00:00,2021-01-06 20:00:00+00:00,0
2021-01-07,22,22,22,0,0,False,2021-01-07 14:45:00+00:00,2021-01-07 20:00:00+00:00,0
2021-01-08,22,22,22,0,0,False,2021-01-08 14:45:00+00:00,2021-01-08 20:00:00+00:00,0
2021-01-11,22,22,22,0,0,False,2021-01-11 14:45:00+00:00,2021-01-11 20:00:00+00:00,0
2021-01-12,22,22,22,0,0,False,2021-01-12 14:45:00+00:00,2021-01-12 20:00:00+00:00,0
2021-01-13,22,22,22,0,0,False,2021-01-13 14:45:00+00:00,2021-01-13 20:00:00+00:00,0
2021-01-14,22,22,22,0,0,False,2021-01-14 14:45:00+00:00,2021-01-14 20:00:00+00:00,0
2021-01-15,22,22,22,0,0,False,2021-01-15 14:45:00+00:00,2021-01-15 20:00:00+00:00,0
2021-01-18,14,0,0,0,0,False,2021-01-18 14:45:00+00:00,2021-01-18 18:00:00+00:00,14
2021-01-19,22,22,22,0,0,False,2021-01-19 14:45:00+00:00,2021-01-19 20:00:00+00:00,0
2021-01-20,22,22,22,0,0,False,2021-01-20 14:45:00+00:00,2021-01-20 20:00:00+00:00,0
2021-01-21,22,22,22,0,0,False,2021-01-21 14:45:00+00:00,2021-01-21 20:00:00+00:00,0
2021-01-22,22,22,22,0,0,False,2021-01-22 14:45:00+00:00,2021-01-22 20:00:00+00:00,0
2021-01-25,22,22,22,0,0,False,2021-01-25 14:45:00+00:00,2021-01-25 20:00:00+00:00,0
2021-01-26,22,22,22,0,0,False,2021-01-26 14:45:00+00:00,2021-01-26 20:00:00+00:00,0
2021-01-27,22,22,22,0,0,False,2021-01-27 14:45:00+00:00,2021-01-27 20:00:00+00:00,0
2021-01-28,22,22,22,0,0,False,2021-01-28 14:45:00+00:00,2021-01-28 20:00:00+00:00,0
2021-01-29,22,22,22,0,0,False,2021-01-29 14:45:00+00:00,2021-01-29 20:00:00+00:00,0
2021-02-01,22,22,22,0,0,False,2021-02-01 14:45:00+00:00,2021-02-01 20:00:00+00:00,0
2021-02-02,22,22,22,0,0,False,2021-02-02 14:45:00+00:00,2021-02-02 20:00:00+00:00,0
2021-02-03,22,22,22,0,0,False,2021-02-03 14:45:00+00:00,2021-02-03 20:00:00+00:00,0
2021-02-04,22,22,22,0,0,False,2021-02-04 14:45:00+00:00,2021-02-04 20:00:00+00:00,0
2021-02-05,22,22,22,0,0,False,2021-02-05 14:45:00+00:00,2021-02-05 20:00:00+00:00,0
2021-02-08,22,22,22,0,0,False,2021-02-08 14:45:00+00:00,2021-02-08 20:00:00+00:00,0
2021-02-09,22,22,22,0,0,False,2021-02-09 14:45:00+00:00,2021-02-09 20:00:00+00:00,0
2021-02-10,22,22,22,0,0,False,2021-02-10 14:45:00+00:00,2021-02-10 20:00:00+00:00,0
2021-02-11,22,22,22,0,0,False,2021-02-11 14:45:00+00:00,2021-02-11 20:00:00+00:00,0
2021-02-12,22,22,22,0,0,False,2021-02-12 14:45:00+00:00,2021-02-12 20:00:00+00:00,0
2021-02-15,14,0,0,1,0,False,2021-02-15 14:45:00+00:00,2021-02-15 18:00:00+00:00,14
2021-02-16,22,22,22,0,0,False,2021-02-16 14:45:00+00:00,2021-02-16 20:00:00+00:00,0
2021-02-17,22,22,22,0,0,False,2021-02-17 14:45:00+00:00,2021-02-17 20:00:00+00:00,0
2021-02-18,22,22,22,0,0,False,2021-02-18 14:45:00+00:00,2021-02-18 20:00:00+00:00,0
2021-02-19,22,22,22,0,0,False,2021-02-19 14:45:00+00:00,2021-02-19 20:00:00+00:00,0
2021-02-22,22,22,22,0,0,False,2021-02-22 14:45:00+00:00,2021-02-22 20:00:00+00:00,0
2021-02-23,22,22,22,0,0,False,2021-02-23 14:45:00+00:00,2021-02-23 20:00:00+00:00,0
2021-02-24,22,22,22,0,0,False,2021-02-24 14:45:00+00:00,2021-02-24 20:00:00+00:00,0
2021-02-25,22,22,22,0,0,False,2021-02-25 14:45:00+00:00,2021-02-25 20:00:00+00:00,0
2021-02-26,22,22,22,0,0,False,2021-02-26 14:45:00+00:00,2021-02-26 20:00:00+00:00,0
2021-03-01,22,22,22,0,0,False,2021-03-01 14:45:00+00:00,2021-03-01 20:00:00+00:00,0
2021-03-02,22,22,22,0,0,False,2021-03-02 14:45:00+00:00,2021-03-02 20:00:00+00:00,0
2021-03-03,22,22,22,0,0,False,2021-03-03 14:45:00+00:00,2021-03-03 20:00:00+00:00,0
2021-03-04,22,22,22,0,0,False,2021-03-04 14:45:00+00:00,2021-03-04 20:00:00+00:00,0
2021-03-05,22,22,22,0,0,False,2021-03-05 14:45:00+00:00,2021-03-05 20:00:00+00:00,0
2021-03-08,22,22,22,0,0,False,2021-03-08 14:45:00+00:00,2021-03-08 20:00:00+00:00,0
2021-03-09,22,22,22,0,0,False,2021-03-09 14:45:00+00:00,2021-03-09 20:00:00+00:00,0
2021-03-10,22,22,22,0,0,False,2021-03-10 14:45:00+00:00,2021-03-10 20:00:00+00:00,0
2021-03-11,22,22,22,0,0,False,2021-03-11 14:45:00+00:00,2021-03-11 20:00:00+00:00,0
2021-03-12,22,22,22,0,0,False,2021-03-12 14:45:00+00:00,2021-03-12 20:00:00+00:00,0
2021-03-15,22,22,22,0,0,False,2021-03-15 13:45:00+00:00,2021-03-15 19:00:00+00:00,0
2021-03-16,22,22,22,0,0,False,2021-03-16 13:45:00+00:00,2021-03-16 19:00:00+00:00,0
2021-03-17,22,22,22,0,0,False,2021-03-17 13:45:00+00:00,2021-03-17 19:00:00+00:00,0
2021-03-18,22,22,22,0,0,False,2021-03-18 13:45:00+00:00,2021-03-18 19:00:00+00:00,0
2021-03-19,22,22,22,0,0,False,2021-03-19 13:45:00+00:00,2021-03-19 19:00:00+00:00,0
2021-03-22,22,22,22,0,0,False,2021-03-22 13:45:00+00:00,2021-03-22 19:00:00+00:00,0
2021-03-23,22,22,22,0,0,False,2021-03-23 13:45:00+00:00,2021-03-23 19:00:00+00:00,0
2021-03-24,22,22,22,0,0,False,2021-03-24 13:45:00+00:00,2021-03-24 19:00:00+00:00,0
2021-03-25,22,22,22,0,0,False,2021-03-25 13:45:00+00:00,2021-03-25 19:00:00+00:00,0
2021-03-26,22,22,22,0,0,False,2021-03-26 13:45:00+00:00,2021-03-26 19:00:00+00:00,0
2021-03-29,22,22,22,0,0,False,2021-03-29 13:45:00+00:00,2021-03-29 19:00:00+00:00,0
2021-03-30,22,22,22,0,0,False,2021-03-30 13:45:00+00:00,2021-03-30 19:00:00+00:00,0
2021-03-31,22,22,22,0,0,False,2021-03-31 13:45:00+00:00,2021-03-31 19:00:00+00:00,0
2021-04-01,22,22,22,0,0,False,2021-04-01 13:45:00+00:00,2021-04-01 19:00:00+00:00,0
2021-04-05,22,22,22,0,0,False,2021-04-05 13:45:00+00:00,2021-04-05 19:00:00+00:00,0
2021-04-06,22,22,22,0,0,False,2021-04-06 13:45:00+00:00,2021-04-06 19:00:00+00:00,0
2021-04-07,22,22,22,0,0,False,2021-04-07 13:45:00+00:00,2021-04-07 19:00:00+00:00,0
2021-04-08,22,22,22,0,0,False,2021-04-08 13:45:00+00:00,2021-04-08 19:00:00+00:00,0
2021-04-09,22,22,22,0,0,False,2021-04-09 13:45:00+00:00,2021-04-09 19:00:00+00:00,0
2021-04-12,22,22,22,0,0,False,2021-04-12 13:45:00+00:00,2021-04-12 19:00:00+00:00,0
2021-04-13,22,22,22,0,0,False,2021-04-13 13:45:00+00:00,2021-04-13 19:00:00+00:00,0
2021-04-14,22,22,22,0,0,False,2021-04-14 13:45:00+00:00,2021-04-14 19:00:00+00:00,0
2021-04-15,22,22,22,0,0,False,2021-04-15 13:45:00+00:00,2021-04-15 19:00:00+00:00,0
2021-04-16,22,22,22,0,0,False,2021-04-16 13:45:00+00:00,2021-04-16 19:00:00+00:00,0
2021-04-19,22,22,22,0,0,False,2021-04-19 13:45:00+00:00,2021-04-19 19:00:00+00:00,0
2021-04-20,22,22,22,0,0,False,2021-04-20 13:45:00+00:00,2021-04-20 19:00:00+00:00,0
2021-04-21,22,22,22,0,0,False,2021-04-21 13:45:00+00:00,2021-04-21 19:00:00+00:00,0
2021-04-22,22,22,22,0,0,False,2021-04-22 13:45:00+00:00,2021-04-22 19:00:00+00:00,0
2021-04-23,22,22,22,0,0,False,2021-04-23 13:45:00+00:00,2021-04-23 19:00:00+00:00,0
2021-04-26,22,22,22,0,0,False,2021-04-26 13:45:00+00:00,2021-04-26 19:00:00+00:00,0
2021-04-27,22,22,22,0,0,False,2021-04-27 13:45:00+00:00,2021-04-27 19:00:00+00:00,0
2021-04-28,22,22,22,0,0,False,2021-04-28 13:45:00+00:00,2021-04-28 19:00:00+00:00,0
2021-04-29,22,22,22,0,0,False,2021-04-29 13:45:00+00:00,2021-04-29 19:00:00+00:00,0
2021-04-30,22,22,22,0,0,False,2021-04-30 13:45:00+00:00,2021-04-30 19:00:00+00:00,0
2021-05-03,22,22,22,0,0,False,2021-05-03 13:45:00+00:00,2021-05-03 19:00:00+00:00,0
2021-05-04,22,22,22,0,0,False,2021-05-04 13:45:00+00:00,2021-05-04 19:00:00+00:00,0
2021-05-05,22,22,22,0,0,False,2021-05-05 13:45:00+00:00,2021-05-05 19:00:00+00:00,0
2021-05-06,22,22,22,0,0,False,2021-05-06 13:45:00+00:00,2021-05-06 19:00:00+00:00,0
2021-05-07,22,22,22,0,0,False,2021-05-07 13:45:00+00:00,2021-05-07 19:00:00+00:00,0
2021-05-10,22,22,22,0,0,False,2021-05-10 13:45:00+00:00,2021-05-10 19:00:00+00:00,0
2021-05-11,22,22,22,0,0,False,2021-05-11 13:45:00+00:00,2021-05-11 19:00:00+00:00,0
2021-05-12,22,22,22,0,0,False,2021-05-12 13:45:00+00:00,2021-05-12 19:00:00+00:00,0
2021-05-13,22,22,22,0,0,False,2021-05-13 13:45:00+00:00,2021-05-13 19:00:00+00:00,0
2021-05-14,22,22,22,0,0,False,2021-05-14 13:45:00+00:00,2021-05-14 19:00:00+00:00,0
2021-05-17,22,22,22,0,0,False,2021-05-17 13:45:00+00:00,2021-05-17 19:00:00+00:00,0
2021-05-18,22,22,22,0,0,False,2021-05-18 13:45:00+00:00,2021-05-18 19:00:00+00:00,0
2021-05-19,22,22,22,0,0,False,2021-05-19 13:45:00+00:00,2021-05-19 19:00:00+00:00,0
2021-05-20,22,22,22,0,0,False,2021-05-20 13:45:00+00:00,2021-05-20 19:00:00+00:00,0
2021-05-21,22,22,22,0,0,False,2021-05-21 13:45:00+00:00,2021-05-21 19:00:00+00:00,0
2021-05-24,22,22,22,0,0,False,2021-05-24 13:45:00+00:00,2021-05-24 19:00:00+00:00,0
2021-05-25,22,22,22,0,0,False,2021-05-25 13:45:00+00:00,2021-05-25 19:00:00+00:00,0
2021-05-26,22,22,22,0,0,False,2021-05-26 13:45:00+00:00,2021-05-26 19:00:00+00:00,0
2021-05-27,22,22,22,0,0,False,2021-05-27 13:45:00+00:00,2021-05-27 19:00:00+00:00,0
2021-05-28,22,22,22,0,0,False,2021-05-28 13:45:00+00:00,2021-05-28 19:00:00+00:00,0
2021-05-31,14,0,0,0,0,False,2021-05-31 13:45:00+00:00,2021-05-31 17:00:00+00:00,14
2021-06-01,22,22,22,0,0,False,2021-06-01 13:45:00+00:00,2021-06-01 19:00:00+00:00,0
2021-06-02,22,22,22,0,0,False,2021-06-02 13:45:00+00:00,2021-06-02 19:00:00+00:00,0
2021-06-03,22,22,22,0,0,False,2021-06-03 13:45:00+00:00,2021-06-03 19:00:00+00:00,0
2021-06-04,22,22,22,0,0,False,2021-06-04 13:45:00+00:00,2021-06-04 19:00:00+00:00,0
2021-06-07,22,22,22,0,0,False,2021-06-07 13:45:00+00:00,2021-06-07 19:00:00+00:00,0
2021-06-08,22,22,22,0,0,False,2021-06-08 13:45:00+00:00,2021-06-08 19:00:00+00:00,0
2021-06-09,22,22,22,0,0,False,2021-06-09 13:45:00+00:00,2021-06-09 19:00:00+00:00,0
2021-06-10,22,22,22,0,0,False,2021-06-10 13:45:00+00:00,2021-06-10 19:00:00+00:00,0
2021-06-11,22,22,22,0,0,False,2021-06-11 13:45:00+00:00,2021-06-11 19:00:00+00:00,0
2021-06-14,22,22,22,0,0,False,2021-06-14 13:45:00+00:00,2021-06-14 19:00:00+00:00,0
2021-06-15,22,22,22,0,0,False,2021-06-15 13:45:00+00:00,2021-06-15 19:00:00+00:00,0
2021-06-16,22,22,22,0,0,False,2021-06-16 13:45:00+00:00,2021-06-16 19:00:00+00:00,0
2021-06-17,22,22,22,0,0,False,2021-06-17 13:45:00+00:00,2021-06-17 19:00:00+00:00,0
2021-06-18,22,22,22,0,0,False,2021-06-18 13:45:00+00:00,2021-06-18 19:00:00+00:00,0
2021-06-21,22,22,22,0,0,False,2021-06-21 13:45:00+00:00,2021-06-21 19:00:00+00:00,0
2021-06-22,22,22,22,0,0,False,2021-06-22 13:45:00+00:00,2021-06-22 19:00:00+00:00,0
2021-06-23,22,22,22,0,0,False,2021-06-23 13:45:00+00:00,2021-06-23 19:00:00+00:00,0
2021-06-24,22,22,22,0,0,False,2021-06-24 13:45:00+00:00,2021-06-24 19:00:00+00:00,0
2021-06-25,22,22,22,0,0,False,2021-06-25 13:45:00+00:00,2021-06-25 19:00:00+00:00,0
2021-06-28,22,22,22,0,0,False,2021-06-28 13:45:00+00:00,2021-06-28 19:00:00+00:00,0
2021-06-29,22,22,22,0,0,False,2021-06-29 13:45:00+00:00,2021-06-29 19:00:00+00:00,0
2021-06-30,22,22,22,0,0,False,2021-06-30 13:45:00+00:00,2021-06-30 19:00:00+00:00,0
2021-07-01,22,22,22,0,0,False,2021-07-01 13:45:00+00:00,2021-07-01 19:00:00+00:00,0
2021-07-02,22,22,22,0,0,False,2021-07-02 13:45:00+00:00,2021-07-02 19:00:00+00:00,0
2021-07-05,14,0,0,0,0,False,2021-07-05 13:45:00+00:00,2021-07-05 17:00:00+00:00,14
2021-07-06,22,22,22,0,0,False,2021-07-06 13:45:00+00:00,2021-07-06 19:00:00+00:00,0
2021-07-07,22,22,22,0,0,False,2021-07-07 13:45:00+00:00,2021-07-07 19:00:00+00:00,0
2021-07-08,22,22,22,0,0,False,2021-07-08 13:45:00+00:00,2021-07-08 19:00:00+00:00,0
2021-07-09,22,22,22,0,0,False,2021-07-09 13:45:00+00:00,2021-07-09 19:00:00+00:00,0
2021-07-12,22,22,22,0,0,False,2021-07-12 13:45:00+00:00,2021-07-12 19:00:00+00:00,0
2021-07-13,22,22,22,0,0,False,2021-07-13 13:45:00+00:00,2021-07-13 19:00:00+00:00,0
2021-07-14,22,22,22,0,0,False,2021-07-14 13:45:00+00:00,2021-07-14 19:00:00+00:00,0
2021-07-15,22,22,22,0,0,False,2021-07-15 13:45:00+00:00,2021-07-15 19:00:00+00:00,0
2021-07-16,22,22,22,0,0,False,2021-07-16 13:45:00+00:00,2021-07-16 19:00:00+00:00,0
2021-07-19,22,22,22,0,0,False,2021-07-19 13:45:00+00:00,2021-07-19 19:00:00+00:00,0
2021-07-20,22,22,22,0,0,False,2021-07-20 13:45:00+00:00,2021-07-20 19:00:00+00:00,0
2021-07-21,22,22,22,0,0,False,2021-07-21 13:45:00+00:00,2021-07-21 19:00:00+00:00,0
2021-07-22,22,22,22,0,0,False,2021-07-22 13:45:00+00:00,2021-07-22 19:00:00+00:00,0
2021-07-23,22,22,22,0,0,False,2021-07-23 13:45:00+00:00,2021-07-23 19:00:00+00:00,0
2021-07-26,22,22,22,0,0,False,2021-07-26 13:45:00+00:00,2021-07-26 19:00:00+00:00,0
2021-07-27,22,22,22,0,0,False,2021-07-27 13:45:00+00:00,2021-07-27 19:00:00+00:00,0
2021-07-28,22,22,22,0,0,False,2021-07-28 13:45:00+00:00,2021-07-28 19:00:00+00:00,0
2021-07-29,22,22,22,0,0,False,2021-07-29 13:45:00+00:00,2021-07-29 19:00:00+00:00,0
2021-07-30,22,22,22,0,0,False,2021-07-30 13:45:00+00:00,2021-07-30 19:00:00+00:00,0
2021-08-02,22,22,22,0,0,False,2021-08-02 13:45:00+00:00,2021-08-02 19:00:00+00:00,0
2021-08-03,22,22,22,0,0,False,2021-08-03 13:45:00+00:00,2021-08-03 19:00:00+00:00,0
2021-08-04,22,22,22,0,0,False,2021-08-04 13:45:00+00:00,2021-08-04 19:00:00+00:00,0
2021-08-05,22,22,22,0,0,False,2021-08-05 13:45:00+00:00,2021-08-05 19:00:00+00:00,0
2021-08-06,22,22,22,0,0,False,2021-08-06 13:45:00+00:00,2021-08-06 19:00:00+00:00,0
2021-08-09,22,22,22,0,0,False,2021-08-09 13:45:00+00:00,2021-08-09 19:00:00+00:00,0
2021-08-10,22,22,22,0,0,False,2021-08-10 13:45:00+00:00,2021-08-10 19:00:00+00:00,0
2021-08-11,22,22,22,0,0,False,2021-08-11 13:45:00+00:00,2021-08-11 19:00:00+00:00,0
2021-08-12,22,22,22,0,0,False,2021-08-12 13:45:00+00:00,2021-08-12 19:00:00+00:00,0
2021-08-13,22,22,22,0,0,False,2021-08-13 13:45:00+00:00,2021-08-13 19:00:00+00:00,0
2021-08-16,22,22,22,0,0,False,2021-08-16 13:45:00+00:00,2021-08-16 19:00:00+00:00,0
2021-08-17,22,22,22,0,0,False,2021-08-17 13:45:00+00:00,2021-08-17 19:00:00+00:00,0
2021-08-18,22,22,22,0,0,False,2021-08-18 13:45:00+00:00,2021-08-18 19:00:00+00:00,0
2021-08-19,22,22,22,0,0,False,2021-08-19 13:45:00+00:00,2021-08-19 19:00:00+00:00,0
2021-08-20,22,22,22,0,0,False,2021-08-20 13:45:00+00:00,2021-08-20 19:00:00+00:00,0
2021-08-23,22,22,22,0,0,False,2021-08-23 13:45:00+00:00,2021-08-23 19:00:00+00:00,0
2021-08-24,22,22,22,0,0,False,2021-08-24 13:45:00+00:00,2021-08-24 19:00:00+00:00,0
2021-08-25,22,22,22,0,0,False,2021-08-25 13:45:00+00:00,2021-08-25 19:00:00+00:00,0
2021-08-26,22,22,22,0,0,False,2021-08-26 13:45:00+00:00,2021-08-26 19:00:00+00:00,0
2021-08-27,22,22,22,0,0,False,2021-08-27 13:45:00+00:00,2021-08-27 19:00:00+00:00,0
2021-08-30,22,22,22,0,0,False,2021-08-30 13:45:00+00:00,2021-08-30 19:00:00+00:00,0
2021-08-31,22,22,22,0,0,False,2021-08-31 13:45:00+00:00,2021-08-31 19:00:00+00:00,0
2021-09-01,22,22,22,0,0,False,2021-09-01 13:45:00+00:00,2021-09-01 19:00:00+00:00,0
2021-09-02,22,22,22,0,0,False,2021-09-02 13:45:00+00:00,2021-09-02 19:00:00+00:00,0
2021-09-03,22,22,22,0,0,False,2021-09-03 13:45:00+00:00,2021-09-03 19:00:00+00:00,0
2021-09-06,14,0,0,0,0,False,2021-09-06 13:45:00+00:00,2021-09-06 17:00:00+00:00,14
2021-09-07,22,22,22,0,0,False,2021-09-07 13:45:00+00:00,2021-09-07 19:00:00+00:00,0
2021-09-08,22,22,22,0,0,False,2021-09-08 13:45:00+00:00,2021-09-08 19:00:00+00:00,0
2021-09-09,22,22,22,0,0,False,2021-09-09 13:45:00+00:00,2021-09-09 19:00:00+00:00,0
2021-09-10,22,22,22,0,0,False,2021-09-10 13:45:00+00:00,2021-09-10 19:00:00+00:00,0
2021-09-13,22,22,22,0,0,False,2021-09-13 13:45:00+00:00,2021-09-13 19:00:00+00:00,0
2021-09-14,22,22,22,0,0,False,2021-09-14 13:45:00+00:00,2021-09-14 19:00:00+00:00,0
2021-09-15,22,22,22,0,0,False,2021-09-15 13:45:00+00:00,2021-09-15 19:00:00+00:00,0
2021-09-16,22,22,22,0,0,False,2021-09-16 13:45:00+00:00,2021-09-16 19:00:00+00:00,0
2021-09-17,22,22,22,0,0,False,2021-09-17 13:45:00+00:00,2021-09-17 19:00:00+00:00,0
2021-09-20,22,22,22,0,0,False,2021-09-20 13:45:00+00:00,2021-09-20 19:00:00+00:00,0
2021-09-21,22,22,22,0,0,False,2021-09-21 13:45:00+00:00,2021-09-21 19:00:00+00:00,0
2021-09-22,22,22,22,0,0,False,2021-09-22 13:45:00+00:00,2021-09-22 19:00:00+00:00,0
2021-09-23,22,22,22,0,0,False,2021-09-23 13:45:00+00:00,2021-09-23 19:00:00+00:00,0
2021-09-24,22,22,22,0,0,False,2021-09-24 13:45:00+00:00,2021-09-24 19:00:00+00:00,0
2021-09-27,22,22,22,0,0,False,2021-09-27 13:45:00+00:00,2021-09-27 19:00:00+00:00,0
2021-09-28,22,22,22,0,0,False,2021-09-28 13:45:00+00:00,2021-09-28 19:00:00+00:00,0
2021-09-29,22,22,22,0,0,False,2021-09-29 13:45:00+00:00,2021-09-29 19:00:00+00:00,0
2021-09-30,22,22,22,0,0,False,2021-09-30 13:45:00+00:00,2021-09-30 19:00:00+00:00,0
2021-10-01,22,22,22,0,0,False,2021-10-01 13:45:00+00:00,2021-10-01 19:00:00+00:00,0
2021-10-04,22,22,22,0,0,False,2021-10-04 13:45:00+00:00,2021-10-04 19:00:00+00:00,0
2021-10-05,22,22,22,0,0,False,2021-10-05 13:45:00+00:00,2021-10-05 19:00:00+00:00,0
2021-10-06,22,22,22,0,0,False,2021-10-06 13:45:00+00:00,2021-10-06 19:00:00+00:00,0
2021-10-07,22,22,22,0,0,False,2021-10-07 13:45:00+00:00,2021-10-07 19:00:00+00:00,0
2021-10-08,22,22,22,0,0,False,2021-10-08 13:45:00+00:00,2021-10-08 19:00:00+00:00,0
2021-10-11,22,22,22,0,0,False,2021-10-11 13:45:00+00:00,2021-10-11 19:00:00+00:00,0
2021-10-12,22,22,22,0,0,False,2021-10-12 13:45:00+00:00,2021-10-12 19:00:00+00:00,0
2021-10-13,22,22,22,0,0,False,2021-10-13 13:45:00+00:00,2021-10-13 19:00:00+00:00,0
2021-10-14,22,22,22,0,0,False,2021-10-14 13:45:00+00:00,2021-10-14 19:00:00+00:00,0
2021-10-15,22,22,22,0,0,False,2021-10-15 13:45:00+00:00,2021-10-15 19:00:00+00:00,0
2021-10-18,22,22,22,0,0,False,2021-10-18 13:45:00+00:00,2021-10-18 19:00:00+00:00,0
2021-10-19,22,22,22,0,0,False,2021-10-19 13:45:00+00:00,2021-10-19 19:00:00+00:00,0
2021-10-20,22,22,22,0,0,False,2021-10-20 13:45:00+00:00,2021-10-20 19:00:00+00:00,0
2021-10-21,22,22,22,0,0,False,2021-10-21 13:45:00+00:00,2021-10-21 19:00:00+00:00,0
2021-10-22,22,22,22,0,0,False,2021-10-22 13:45:00+00:00,2021-10-22 19:00:00+00:00,0
2021-10-25,22,22,22,0,0,False,2021-10-25 13:45:00+00:00,2021-10-25 19:00:00+00:00,0
2021-10-26,22,22,22,0,0,False,2021-10-26 13:45:00+00:00,2021-10-26 19:00:00+00:00,0
2021-10-27,22,22,22,0,0,False,2021-10-27 13:45:00+00:00,2021-10-27 19:00:00+00:00,0
2021-10-28,22,22,22,0,0,False,2021-10-28 13:45:00+00:00,2021-10-28 19:00:00+00:00,0
2021-10-29,22,22,22,0,0,False,2021-10-29 13:45:00+00:00,2021-10-29 19:00:00+00:00,0
2021-11-01,22,22,22,0,0,False,2021-11-01 13:45:00+00:00,2021-11-01 19:00:00+00:00,0
2021-11-02,22,22,22,0,0,False,2021-11-02 13:45:00+00:00,2021-11-02 19:00:00+00:00,0
2021-11-03,22,22,22,0,0,False,2021-11-03 13:45:00+00:00,2021-11-03 19:00:00+00:00,0
2021-11-04,22,22,22,0,0,False,2021-11-04 13:45:00+00:00,2021-11-04 19:00:00+00:00,0
2021-11-05,22,22,22,0,0,False,2021-11-05 13:45:00+00:00,2021-11-05 19:00:00+00:00,0
2021-11-08,22,22,22,0,0,False,2021-11-08 14:45:00+00:00,2021-11-08 20:00:00+00:00,0
2021-11-09,22,22,22,0,0,False,2021-11-09 14:45:00+00:00,2021-11-09 20:00:00+00:00,0
2021-11-10,22,22,22,0,0,False,2021-11-10 14:45:00+00:00,2021-11-10 20:00:00+00:00,0
2021-11-11,22,22,22,0,0,False,2021-11-11 14:45:00+00:00,2021-11-11 20:00:00+00:00,0
2021-11-12,22,22,22,0,0,False,2021-11-12 14:45:00+00:00,2021-11-12 20:00:00+00:00,0
2021-11-15,22,22,22,0,0,False,2021-11-15 14:45:00+00:00,2021-11-15 20:00:00+00:00,0
2021-11-16,22,22,22,0,0,False,2021-11-16 14:45:00+00:00,2021-11-16 20:00:00+00:00,0
2021-11-17,22,22,22,0,0,False,2021-11-17 14:45:00+00:00,2021-11-17 20:00:00+00:00,0
2021-11-18,22,22,22,0,0,False,2021-11-18 14:45:00+00:00,2021-11-18 20:00:00+00:00,0
2021-11-19,22,22,22,0,0,False,2021-11-19 14:45:00+00:00,2021-11-19 20:00:00+00:00,0
2021-11-22,22,22,22,0,0,False,2021-11-22 14:45:00+00:00,2021-11-22 20:00:00+00:00,0
2021-11-23,22,22,22,0,0,False,2021-11-23 14:45:00+00:00,2021-11-23 20:00:00+00:00,0
2021-11-24,22,22,22,0,0,False,2021-11-24 14:45:00+00:00,2021-11-24 20:00:00+00:00,0
2021-11-25,14,0,0,0,0,False,2021-11-25 14:45:00+00:00,2021-11-25 18:00:00+00:00,14
2021-11-26,15,15,10,0,0,True,2021-11-26 14:45:00+00:00,2021-11-26 18:15:00+00:00,5
2021-11-29,22,22,22,0,0,False,2021-11-29 14:45:00+00:00,2021-11-29 20:00:00+00:00,0
2021-11-30,22,22,22,0,0,False,2021-11-30 14:45:00+00:00,2021-11-30 20:00:00+00:00,0
2021-12-01,22,22,22,0,0,False,2021-12-01 14:45:00+00:00,2021-12-01 20:00:00+00:00,0
2021-12-02,22,22,22,0,0,False,2021-12-02 14:45:00+00:00,2021-12-02 20:00:00+00:00,0
2021-12-03,22,22,22,0,0,False,2021-12-03 14:45:00+00:00,2021-12-03 20:00:00+00:00,0
2021-12-06,22,22,22,0,0,False,2021-12-06 14:45:00+00:00,2021-12-06 20:00:00+00:00,0
2021-12-07,22,22,22,0,0,False,2021-12-07 14:45:00+00:00,2021-12-07 20:00:00+00:00,0
2021-12-08,22,22,22,0,0,False,2021-12-08 14:45:00+00:00,2021-12-08 20:00:00+00:00,0
2021-12-09,22,22,22,0,0,False,2021-12-09 14:45:00+00:00,2021-12-09 20:00:00+00:00,0
2021-12-10,22,22,22,0,0,False,2021-12-10 14:45:00+00:00,2021-12-10 20:00:00+00:00,0
2021-12-13,22,22,22,0,0,False,2021-12-13 14:45:00+00:00,2021-12-13 20:00:00+00:00,0
2021-12-14,22,22,22,0,0,False,2021-12-14 14:45:00+00:00,2021-12-14 20:00:00+00:00,0
2021-12-15,22,22,22,0,0,False,2021-12-15 14:45:00+00:00,2021-12-15 20:00:00+00:00,0
2021-12-16,22,22,22,0,0,False,2021-12-16 14:45:00+00:00,2021-12-16 20:00:00+00:00,0
2021-12-17,22,22,22,0,0,False,2021-12-17 14:45:00+00:00,2021-12-17 20:00:00+00:00,0
2021-12-20,22,22,22,0,0,False,2021-12-20 14:45:00+00:00,2021-12-20 20:00:00+00:00,0
2021-12-21,22,22,22,0,0,False,2021-12-21 14:45:00+00:00,2021-12-21 20:00:00+00:00,0
2021-12-22,22,22,22,0,0,False,2021-12-22 14:45:00+00:00,2021-12-22 20:00:00+00:00,0
2021-12-23,22,22,22,0,0,False,2021-12-23 14:45:00+00:00,2021-12-23 20:00:00+00:00,0
2021-12-27,22,22,22,0,0,False,2021-12-27 14:45:00+00:00,2021-12-27 20:00:00+00:00,0
2021-12-28,22,22,22,0,0,False,2021-12-28 14:45:00+00:00,2021-12-28 20:00:00+00:00,0
2021-12-29,22,22,22,0,0,False,2021-12-29 14:45:00+00:00,2021-12-29 20:00:00+00:00,0
2021-12-30,22,22,22,0,0,False,2021-12-30 14:45:00+00:00,2021-12-30 20:00:00+00:00,0
2021-12-31,22,22,22,0,0,False,2021-12-31 14:45:00+00:00,2021-12-31 20:00:00+00:00,0
2022-01-03,22,22,22,0,0,False,2022-01-03 14:45:00+00:00,2022-01-03 20:00:00+00:00,0
2022-01-04,22,22,22,0,0,False,2022-01-04 14:45:00+00:00,2022-01-04 20:00:00+00:00,0
2022-01-05,22,22,22,0,0,False,2022-01-05 14:45:00+00:00,2022-01-05 20:00:00+00:00,0
2022-01-06,22,22,22,0,0,False,2022-01-06 14:45:00+00:00,2022-01-06 20:00:00+00:00,0
2022-01-07,22,22,22,0,0,False,2022-01-07 14:45:00+00:00,2022-01-07 20:00:00+00:00,0
2022-01-10,22,22,22,0,0,False,2022-01-10 14:45:00+00:00,2022-01-10 20:00:00+00:00,0
2022-01-11,22,22,22,0,0,False,2022-01-11 14:45:00+00:00,2022-01-11 20:00:00+00:00,0
2022-01-12,22,22,22,0,0,False,2022-01-12 14:45:00+00:00,2022-01-12 20:00:00+00:00,0
2022-01-13,22,22,22,0,0,False,2022-01-13 14:45:00+00:00,2022-01-13 20:00:00+00:00,0
2022-01-14,22,22,22,0,0,False,2022-01-14 14:45:00+00:00,2022-01-14 20:00:00+00:00,0
2022-01-17,14,0,0,0,0,False,2022-01-17 14:45:00+00:00,2022-01-17 18:00:00+00:00,14
2022-01-18,22,22,22,0,0,False,2022-01-18 14:45:00+00:00,2022-01-18 20:00:00+00:00,0
2022-01-19,22,22,22,0,0,False,2022-01-19 14:45:00+00:00,2022-01-19 20:00:00+00:00,0
2022-01-20,22,22,22,0,0,False,2022-01-20 14:45:00+00:00,2022-01-20 20:00:00+00:00,0
2022-01-21,22,22,22,0,0,False,2022-01-21 14:45:00+00:00,2022-01-21 20:00:00+00:00,0
2022-01-24,22,22,22,0,0,False,2022-01-24 14:45:00+00:00,2022-01-24 20:00:00+00:00,0
2022-01-25,22,22,22,0,0,False,2022-01-25 14:45:00+00:00,2022-01-25 20:00:00+00:00,0
2022-01-26,22,22,22,0,0,False,2022-01-26 14:45:00+00:00,2022-01-26 20:00:00+00:00,0
2022-01-27,22,22,22,0,0,False,2022-01-27 14:45:00+00:00,2022-01-27 20:00:00+00:00,0
2022-01-28,22,22,22,0,0,False,2022-01-28 14:45:00+00:00,2022-01-28 20:00:00+00:00,0
2022-01-31,22,22,22,0,0,False,2022-01-31 14:45:00+00:00,2022-01-31 20:00:00+00:00,0
2022-02-01,22,22,22,0,0,False,2022-02-01 14:45:00+00:00,2022-02-01 20:00:00+00:00,0
2022-02-02,22,22,22,0,0,False,2022-02-02 14:45:00+00:00,2022-02-02 20:00:00+00:00,0
2022-02-03,22,22,22,0,0,False,2022-02-03 14:45:00+00:00,2022-02-03 20:00:00+00:00,0
2022-02-04,22,22,22,0,0,False,2022-02-04 14:45:00+00:00,2022-02-04 20:00:00+00:00,0
2022-02-07,22,22,22,0,0,False,2022-02-07 14:45:00+00:00,2022-02-07 20:00:00+00:00,0
2022-02-08,22,22,22,0,0,False,2022-02-08 14:45:00+00:00,2022-02-08 20:00:00+00:00,0
2022-02-09,22,22,22,0,0,False,2022-02-09 14:45:00+00:00,2022-02-09 20:00:00+00:00,0
2022-02-10,22,22,22,0,0,False,2022-02-10 14:45:00+00:00,2022-02-10 20:00:00+00:00,0
2022-02-11,22,22,22,0,0,False,2022-02-11 14:45:00+00:00,2022-02-11 20:00:00+00:00,0
2022-02-14,22,22,22,0,0,False,2022-02-14 14:45:00+00:00,2022-02-14 20:00:00+00:00,0
2022-02-15,22,22,22,0,0,False,2022-02-15 14:45:00+00:00,2022-02-15 20:00:00+00:00,0
2022-02-16,22,22,22,0,0,False,2022-02-16 14:45:00+00:00,2022-02-16 20:00:00+00:00,0
2022-02-17,22,22,22,0,0,False,2022-02-17 14:45:00+00:00,2022-02-17 20:00:00+00:00,0
2022-02-18,22,22,22,0,0,False,2022-02-18 14:45:00+00:00,2022-02-18 20:00:00+00:00,0
2022-02-21,14,0,0,0,0,False,2022-02-21 14:45:00+00:00,2022-02-21 18:00:00+00:00,14
2022-02-22,22,22,22,0,0,False,2022-02-22 14:45:00+00:00,2022-02-22 20:00:00+00:00,0
2022-02-23,22,22,22,0,0,False,2022-02-23 14:45:00+00:00,2022-02-23 20:00:00+00:00,0
2022-02-24,22,22,22,0,0,False,2022-02-24 14:45:00+00:00,2022-02-24 20:00:00+00:00,0
2022-02-25,22,22,22,0,0,False,2022-02-25 14:45:00+00:00,2022-02-25 20:00:00+00:00,0
2022-02-28,22,22,22,0,0,False,2022-02-28 14:45:00+00:00,2022-02-28 20:00:00+00:00,0
2022-03-01,22,22,22,0,0,False,2022-03-01 14:45:00+00:00,2022-03-01 20:00:00+00:00,0
2022-03-02,22,22,22,0,0,False,2022-03-02 14:45:00+00:00,2022-03-02 20:00:00+00:00,0
2022-03-03,22,22,22,0,0,False,2022-03-03 14:45:00+00:00,2022-03-03 20:00:00+00:00,0
2022-03-04,22,22,22,0,0,False,2022-03-04 14:45:00+00:00,2022-03-04 20:00:00+00:00,0
2022-03-07,22,22,22,0,0,False,2022-03-07 14:45:00+00:00,2022-03-07 20:00:00+00:00,0
2022-03-08,22,22,22,0,0,False,2022-03-08 14:45:00+00:00,2022-03-08 20:00:00+00:00,0
2022-03-09,22,22,22,0,0,False,2022-03-09 14:45:00+00:00,2022-03-09 20:00:00+00:00,0
2022-03-10,22,22,22,0,0,False,2022-03-10 14:45:00+00:00,2022-03-10 20:00:00+00:00,0
2022-03-11,22,22,22,0,0,False,2022-03-11 14:45:00+00:00,2022-03-11 20:00:00+00:00,0
2022-03-14,22,22,22,0,0,False,2022-03-14 13:45:00+00:00,2022-03-14 19:00:00+00:00,0
2022-03-15,22,22,22,0,0,False,2022-03-15 13:45:00+00:00,2022-03-15 19:00:00+00:00,0
2022-03-16,22,22,22,0,0,False,2022-03-16 13:45:00+00:00,2022-03-16 19:00:00+00:00,0
2022-03-17,22,22,22,0,0,False,2022-03-17 13:45:00+00:00,2022-03-17 19:00:00+00:00,0
2022-03-18,22,22,22,0,0,False,2022-03-18 13:45:00+00:00,2022-03-18 19:00:00+00:00,0
2022-03-21,22,22,22,0,0,False,2022-03-21 13:45:00+00:00,2022-03-21 19:00:00+00:00,0
2022-03-22,22,22,22,0,0,False,2022-03-22 13:45:00+00:00,2022-03-22 19:00:00+00:00,0
2022-03-23,22,22,22,0,0,False,2022-03-23 13:45:00+00:00,2022-03-23 19:00:00+00:00,0
2022-03-24,22,22,22,0,0,False,2022-03-24 13:45:00+00:00,2022-03-24 19:00:00+00:00,0
2022-03-25,22,22,22,0,0,False,2022-03-25 13:45:00+00:00,2022-03-25 19:00:00+00:00,0
2022-03-28,22,22,22,0,0,False,2022-03-28 13:45:00+00:00,2022-03-28 19:00:00+00:00,0
2022-03-29,22,22,22,0,0,False,2022-03-29 13:45:00+00:00,2022-03-29 19:00:00+00:00,0
2022-03-30,22,22,22,0,0,False,2022-03-30 13:45:00+00:00,2022-03-30 19:00:00+00:00,0
2022-03-31,22,22,22,0,0,False,2022-03-31 13:45:00+00:00,2022-03-31 19:00:00+00:00,0
2022-04-01,22,22,22,0,0,False,2022-04-01 13:45:00+00:00,2022-04-01 19:00:00+00:00,0
2022-04-04,22,22,22,0,0,False,2022-04-04 13:45:00+00:00,2022-04-04 19:00:00+00:00,0
2022-04-05,22,22,22,0,0,False,2022-04-05 13:45:00+00:00,2022-04-05 19:00:00+00:00,0
2022-04-06,22,22,22,0,0,False,2022-04-06 13:45:00+00:00,2022-04-06 19:00:00+00:00,0
2022-04-07,22,22,22,0,0,False,2022-04-07 13:45:00+00:00,2022-04-07 19:00:00+00:00,0
2022-04-08,22,22,22,0,0,False,2022-04-08 13:45:00+00:00,2022-04-08 19:00:00+00:00,0
2022-04-11,22,22,22,0,0,False,2022-04-11 13:45:00+00:00,2022-04-11 19:00:00+00:00,0
2022-04-12,22,22,22,0,0,False,2022-04-12 13:45:00+00:00,2022-04-12 19:00:00+00:00,0
2022-04-13,22,22,22,0,0,False,2022-04-13 13:45:00+00:00,2022-04-13 19:00:00+00:00,0
2022-04-14,22,22,22,0,0,False,2022-04-14 13:45:00+00:00,2022-04-14 19:00:00+00:00,0
2022-04-18,22,22,22,0,0,False,2022-04-18 13:45:00+00:00,2022-04-18 19:00:00+00:00,0
2022-04-19,22,22,22,0,0,False,2022-04-19 13:45:00+00:00,2022-04-19 19:00:00+00:00,0
2022-04-20,22,22,22,0,0,False,2022-04-20 13:45:00+00:00,2022-04-20 19:00:00+00:00,0
2022-04-21,22,22,22,0,0,False,2022-04-21 13:45:00+00:00,2022-04-21 19:00:00+00:00,0
2022-04-22,22,22,22,0,0,False,2022-04-22 13:45:00+00:00,2022-04-22 19:00:00+00:00,0
2022-04-25,22,22,22,0,0,False,2022-04-25 13:45:00+00:00,2022-04-25 19:00:00+00:00,0
2022-04-26,22,22,22,0,0,False,2022-04-26 13:45:00+00:00,2022-04-26 19:00:00+00:00,0
2022-04-27,22,22,22,0,0,False,2022-04-27 13:45:00+00:00,2022-04-27 19:00:00+00:00,0
2022-04-28,22,22,22,0,0,False,2022-04-28 13:45:00+00:00,2022-04-28 19:00:00+00:00,0
2022-04-29,22,22,22,0,0,False,2022-04-29 13:45:00+00:00,2022-04-29 19:00:00+00:00,0
2022-05-02,22,22,22,0,0,False,2022-05-02 13:45:00+00:00,2022-05-02 19:00:00+00:00,0
2022-05-03,22,22,22,0,0,False,2022-05-03 13:45:00+00:00,2022-05-03 19:00:00+00:00,0
2022-05-04,22,22,22,0,0,False,2022-05-04 13:45:00+00:00,2022-05-04 19:00:00+00:00,0
2022-05-05,22,22,22,0,0,False,2022-05-05 13:45:00+00:00,2022-05-05 19:00:00+00:00,0
2022-05-06,22,22,22,0,0,False,2022-05-06 13:45:00+00:00,2022-05-06 19:00:00+00:00,0
2022-05-09,22,22,22,0,0,False,2022-05-09 13:45:00+00:00,2022-05-09 19:00:00+00:00,0
2022-05-10,22,22,22,0,0,False,2022-05-10 13:45:00+00:00,2022-05-10 19:00:00+00:00,0
2022-05-11,22,22,22,0,0,False,2022-05-11 13:45:00+00:00,2022-05-11 19:00:00+00:00,0
2022-05-12,22,22,22,0,0,False,2022-05-12 13:45:00+00:00,2022-05-12 19:00:00+00:00,0
2022-05-13,22,22,22,0,0,False,2022-05-13 13:45:00+00:00,2022-05-13 19:00:00+00:00,0
2022-05-16,22,22,22,0,0,False,2022-05-16 13:45:00+00:00,2022-05-16 19:00:00+00:00,0
2022-05-17,22,22,22,0,0,False,2022-05-17 13:45:00+00:00,2022-05-17 19:00:00+00:00,0
2022-05-18,22,22,22,0,0,False,2022-05-18 13:45:00+00:00,2022-05-18 19:00:00+00:00,0
2022-05-19,22,22,22,0,0,False,2022-05-19 13:45:00+00:00,2022-05-19 19:00:00+00:00,0
2022-05-20,22,22,22,0,0,False,2022-05-20 13:45:00+00:00,2022-05-20 19:00:00+00:00,0
2022-05-23,22,22,22,0,0,False,2022-05-23 13:45:00+00:00,2022-05-23 19:00:00+00:00,0
2022-05-24,22,22,22,0,0,False,2022-05-24 13:45:00+00:00,2022-05-24 19:00:00+00:00,0
2022-05-25,22,22,22,0,0,False,2022-05-25 13:45:00+00:00,2022-05-25 19:00:00+00:00,0
2022-05-26,22,22,22,0,0,False,2022-05-26 13:45:00+00:00,2022-05-26 19:00:00+00:00,0
2022-05-27,22,22,22,0,0,False,2022-05-27 13:45:00+00:00,2022-05-27 19:00:00+00:00,0
2022-05-30,14,0,0,0,0,False,2022-05-30 13:45:00+00:00,2022-05-30 17:00:00+00:00,14
2022-05-31,22,22,22,0,0,False,2022-05-31 13:45:00+00:00,2022-05-31 19:00:00+00:00,0
2022-06-01,22,22,22,0,0,False,2022-06-01 13:45:00+00:00,2022-06-01 19:00:00+00:00,0
2022-06-02,22,22,22,0,0,False,2022-06-02 13:45:00+00:00,2022-06-02 19:00:00+00:00,0
2022-06-03,22,22,22,0,0,False,2022-06-03 13:45:00+00:00,2022-06-03 19:00:00+00:00,0
2022-06-06,22,22,22,0,0,False,2022-06-06 13:45:00+00:00,2022-06-06 19:00:00+00:00,0
2022-06-07,22,22,22,0,0,False,2022-06-07 13:45:00+00:00,2022-06-07 19:00:00+00:00,0
2022-06-08,22,22,22,0,0,False,2022-06-08 13:45:00+00:00,2022-06-08 19:00:00+00:00,0
2022-06-09,22,22,22,0,0,False,2022-06-09 13:45:00+00:00,2022-06-09 19:00:00+00:00,0
2022-06-10,22,22,22,0,0,False,2022-06-10 13:45:00+00:00,2022-06-10 19:00:00+00:00,0
2022-06-13,22,22,22,0,0,False,2022-06-13 13:45:00+00:00,2022-06-13 19:00:00+00:00,0
2022-06-14,22,22,22,0,0,False,2022-06-14 13:45:00+00:00,2022-06-14 19:00:00+00:00,0
2022-06-15,22,22,22,0,0,False,2022-06-15 13:45:00+00:00,2022-06-15 19:00:00+00:00,0
2022-06-16,22,22,22,0,0,False,2022-06-16 13:45:00+00:00,2022-06-16 19:00:00+00:00,0
2022-06-17,22,22,22,0,0,False,2022-06-17 13:45:00+00:00,2022-06-17 19:00:00+00:00,0
2022-06-20,14,0,0,0,0,False,2022-06-20 13:45:00+00:00,2022-06-20 17:00:00+00:00,14
2022-06-21,22,22,22,0,0,False,2022-06-21 13:45:00+00:00,2022-06-21 19:00:00+00:00,0
2022-06-22,22,22,22,0,0,False,2022-06-22 13:45:00+00:00,2022-06-22 19:00:00+00:00,0
2022-06-23,22,22,22,0,0,False,2022-06-23 13:45:00+00:00,2022-06-23 19:00:00+00:00,0
2022-06-24,22,22,22,0,0,False,2022-06-24 13:45:00+00:00,2022-06-24 19:00:00+00:00,0
2022-06-27,22,22,22,0,0,False,2022-06-27 13:45:00+00:00,2022-06-27 19:00:00+00:00,0
2022-06-28,22,22,22,0,0,False,2022-06-28 13:45:00+00:00,2022-06-28 19:00:00+00:00,0
2022-06-29,22,22,22,0,0,False,2022-06-29 13:45:00+00:00,2022-06-29 19:00:00+00:00,0
2022-06-30,22,22,22,0,0,False,2022-06-30 13:45:00+00:00,2022-06-30 19:00:00+00:00,0
2022-07-01,22,22,22,0,0,False,2022-07-01 13:45:00+00:00,2022-07-01 19:00:00+00:00,0
2022-07-04,14,0,0,0,0,False,2022-07-04 13:45:00+00:00,2022-07-04 17:00:00+00:00,14
2022-07-05,22,22,22,0,0,False,2022-07-05 13:45:00+00:00,2022-07-05 19:00:00+00:00,0
2022-07-06,22,22,22,0,0,False,2022-07-06 13:45:00+00:00,2022-07-06 19:00:00+00:00,0
2022-07-07,22,22,22,0,0,False,2022-07-07 13:45:00+00:00,2022-07-07 19:00:00+00:00,0
2022-07-08,22,22,22,0,0,False,2022-07-08 13:45:00+00:00,2022-07-08 19:00:00+00:00,0
2022-07-11,22,22,22,0,0,False,2022-07-11 13:45:00+00:00,2022-07-11 19:00:00+00:00,0
2022-07-12,22,22,22,0,0,False,2022-07-12 13:45:00+00:00,2022-07-12 19:00:00+00:00,0
2022-07-13,22,22,22,0,0,False,2022-07-13 13:45:00+00:00,2022-07-13 19:00:00+00:00,0
2022-07-14,22,22,22,0,0,False,2022-07-14 13:45:00+00:00,2022-07-14 19:00:00+00:00,0
2022-07-15,22,22,22,0,0,False,2022-07-15 13:45:00+00:00,2022-07-15 19:00:00+00:00,0
2022-07-18,22,22,22,0,0,False,2022-07-18 13:45:00+00:00,2022-07-18 19:00:00+00:00,0
2022-07-19,22,22,22,0,0,False,2022-07-19 13:45:00+00:00,2022-07-19 19:00:00+00:00,0
2022-07-20,22,22,22,0,0,False,2022-07-20 13:45:00+00:00,2022-07-20 19:00:00+00:00,0
2022-07-21,22,22,22,0,0,False,2022-07-21 13:45:00+00:00,2022-07-21 19:00:00+00:00,0
2022-07-22,22,22,22,0,0,False,2022-07-22 13:45:00+00:00,2022-07-22 19:00:00+00:00,0
2022-07-25,22,22,22,0,0,False,2022-07-25 13:45:00+00:00,2022-07-25 19:00:00+00:00,0
2022-07-26,22,22,22,0,0,False,2022-07-26 13:45:00+00:00,2022-07-26 19:00:00+00:00,0
2022-07-27,22,22,22,0,0,False,2022-07-27 13:45:00+00:00,2022-07-27 19:00:00+00:00,0
2022-07-28,22,22,22,0,0,False,2022-07-28 13:45:00+00:00,2022-07-28 19:00:00+00:00,0
2022-07-29,22,22,22,0,0,False,2022-07-29 13:45:00+00:00,2022-07-29 19:00:00+00:00,0
2022-08-01,22,22,22,0,0,False,2022-08-01 13:45:00+00:00,2022-08-01 19:00:00+00:00,0
2022-08-02,22,22,22,0,0,False,2022-08-02 13:45:00+00:00,2022-08-02 19:00:00+00:00,0
2022-08-03,22,22,22,0,0,False,2022-08-03 13:45:00+00:00,2022-08-03 19:00:00+00:00,0
2022-08-04,22,22,22,0,0,False,2022-08-04 13:45:00+00:00,2022-08-04 19:00:00+00:00,0
2022-08-05,22,22,22,0,0,False,2022-08-05 13:45:00+00:00,2022-08-05 19:00:00+00:00,0
2022-08-08,22,22,22,0,0,False,2022-08-08 13:45:00+00:00,2022-08-08 19:00:00+00:00,0
2022-08-09,22,22,22,0,0,False,2022-08-09 13:45:00+00:00,2022-08-09 19:00:00+00:00,0
2022-08-10,22,22,22,0,0,False,2022-08-10 13:45:00+00:00,2022-08-10 19:00:00+00:00,0
2022-08-11,22,22,22,0,0,False,2022-08-11 13:45:00+00:00,2022-08-11 19:00:00+00:00,0
2022-08-12,22,22,22,0,0,False,2022-08-12 13:45:00+00:00,2022-08-12 19:00:00+00:00,0
2022-08-15,22,22,22,0,0,False,2022-08-15 13:45:00+00:00,2022-08-15 19:00:00+00:00,0
2022-08-16,22,22,22,0,0,False,2022-08-16 13:45:00+00:00,2022-08-16 19:00:00+00:00,0
2022-08-17,22,22,22,0,0,False,2022-08-17 13:45:00+00:00,2022-08-17 19:00:00+00:00,0
2022-08-18,22,22,22,0,0,False,2022-08-18 13:45:00+00:00,2022-08-18 19:00:00+00:00,0
2022-08-19,22,22,22,0,0,False,2022-08-19 13:45:00+00:00,2022-08-19 19:00:00+00:00,0
2022-08-22,22,22,22,0,0,False,2022-08-22 13:45:00+00:00,2022-08-22 19:00:00+00:00,0
2022-08-23,22,22,22,0,0,False,2022-08-23 13:45:00+00:00,2022-08-23 19:00:00+00:00,0
2022-08-24,22,22,22,0,0,False,2022-08-24 13:45:00+00:00,2022-08-24 19:00:00+00:00,0
2022-08-25,22,22,22,0,0,False,2022-08-25 13:45:00+00:00,2022-08-25 19:00:00+00:00,0
2022-08-26,22,22,22,0,0,False,2022-08-26 13:45:00+00:00,2022-08-26 19:00:00+00:00,0
2022-08-29,22,22,22,0,0,False,2022-08-29 13:45:00+00:00,2022-08-29 19:00:00+00:00,0
2022-08-30,22,22,22,0,0,False,2022-08-30 13:45:00+00:00,2022-08-30 19:00:00+00:00,0
2022-08-31,22,22,22,0,0,False,2022-08-31 13:45:00+00:00,2022-08-31 19:00:00+00:00,0
2022-09-01,22,22,22,0,0,False,2022-09-01 13:45:00+00:00,2022-09-01 19:00:00+00:00,0
2022-09-02,22,22,22,0,0,False,2022-09-02 13:45:00+00:00,2022-09-02 19:00:00+00:00,0
2022-09-05,14,0,0,0,0,False,2022-09-05 13:45:00+00:00,2022-09-05 17:00:00+00:00,14
2022-09-06,22,22,22,0,0,False,2022-09-06 13:45:00+00:00,2022-09-06 19:00:00+00:00,0
2022-09-07,22,22,22,0,0,False,2022-09-07 13:45:00+00:00,2022-09-07 19:00:00+00:00,0
2022-09-08,22,22,22,0,0,False,2022-09-08 13:45:00+00:00,2022-09-08 19:00:00+00:00,0
2022-09-09,22,22,22,0,0,False,2022-09-09 13:45:00+00:00,2022-09-09 19:00:00+00:00,0
2022-09-12,22,22,22,0,0,False,2022-09-12 13:45:00+00:00,2022-09-12 19:00:00+00:00,0
2022-09-13,22,22,22,0,0,False,2022-09-13 13:45:00+00:00,2022-09-13 19:00:00+00:00,0
2022-09-14,22,22,22,0,0,False,2022-09-14 13:45:00+00:00,2022-09-14 19:00:00+00:00,0
2022-09-15,22,22,22,0,0,False,2022-09-15 13:45:00+00:00,2022-09-15 19:00:00+00:00,0
2022-09-16,22,22,22,0,0,False,2022-09-16 13:45:00+00:00,2022-09-16 19:00:00+00:00,0
2022-09-19,22,22,22,0,0,False,2022-09-19 13:45:00+00:00,2022-09-19 19:00:00+00:00,0
2022-09-20,22,22,22,0,0,False,2022-09-20 13:45:00+00:00,2022-09-20 19:00:00+00:00,0
2022-09-21,22,22,22,0,0,False,2022-09-21 13:45:00+00:00,2022-09-21 19:00:00+00:00,0
2022-09-22,22,22,22,0,0,False,2022-09-22 13:45:00+00:00,2022-09-22 19:00:00+00:00,0
2022-09-23,22,22,22,0,0,False,2022-09-23 13:45:00+00:00,2022-09-23 19:00:00+00:00,0
2022-09-26,22,22,22,0,0,False,2022-09-26 13:45:00+00:00,2022-09-26 19:00:00+00:00,0
2022-09-27,22,22,22,0,0,False,2022-09-27 13:45:00+00:00,2022-09-27 19:00:00+00:00,0
2022-09-28,22,22,22,0,0,False,2022-09-28 13:45:00+00:00,2022-09-28 19:00:00+00:00,0
2022-09-29,22,22,22,0,0,False,2022-09-29 13:45:00+00:00,2022-09-29 19:00:00+00:00,0
2022-09-30,22,22,22,0,0,False,2022-09-30 13:45:00+00:00,2022-09-30 19:00:00+00:00,0
2022-10-03,22,22,22,0,0,False,2022-10-03 13:45:00+00:00,2022-10-03 19:00:00+00:00,0
2022-10-04,22,22,22,0,0,False,2022-10-04 13:45:00+00:00,2022-10-04 19:00:00+00:00,0
2022-10-05,22,22,22,0,0,False,2022-10-05 13:45:00+00:00,2022-10-05 19:00:00+00:00,0
2022-10-06,22,22,22,0,0,False,2022-10-06 13:45:00+00:00,2022-10-06 19:00:00+00:00,0
2022-10-07,22,22,22,0,0,False,2022-10-07 13:45:00+00:00,2022-10-07 19:00:00+00:00,0
2022-10-10,22,22,22,0,0,False,2022-10-10 13:45:00+00:00,2022-10-10 19:00:00+00:00,0
2022-10-11,22,22,22,0,0,False,2022-10-11 13:45:00+00:00,2022-10-11 19:00:00+00:00,0
2022-10-12,22,22,22,0,0,False,2022-10-12 13:45:00+00:00,2022-10-12 19:00:00+00:00,0
2022-10-13,22,22,22,0,0,False,2022-10-13 13:45:00+00:00,2022-10-13 19:00:00+00:00,0
2022-10-14,22,22,22,0,0,False,2022-10-14 13:45:00+00:00,2022-10-14 19:00:00+00:00,0
2022-10-17,22,22,22,0,0,False,2022-10-17 13:45:00+00:00,2022-10-17 19:00:00+00:00,0
2022-10-18,22,22,22,0,0,False,2022-10-18 13:45:00+00:00,2022-10-18 19:00:00+00:00,0
2022-10-19,22,22,22,0,0,False,2022-10-19 13:45:00+00:00,2022-10-19 19:00:00+00:00,0
2022-10-20,22,22,22,0,0,False,2022-10-20 13:45:00+00:00,2022-10-20 19:00:00+00:00,0
2022-10-21,22,22,22,0,0,False,2022-10-21 13:45:00+00:00,2022-10-21 19:00:00+00:00,0
2022-10-24,22,22,22,0,0,False,2022-10-24 13:45:00+00:00,2022-10-24 19:00:00+00:00,0
2022-10-25,22,22,22,0,0,False,2022-10-25 13:45:00+00:00,2022-10-25 19:00:00+00:00,0
2022-10-26,22,22,22,0,0,False,2022-10-26 13:45:00+00:00,2022-10-26 19:00:00+00:00,0
2022-10-27,22,22,22,0,0,False,2022-10-27 13:45:00+00:00,2022-10-27 19:00:00+00:00,0
2022-10-28,22,22,22,0,0,False,2022-10-28 13:45:00+00:00,2022-10-28 19:00:00+00:00,0
2022-10-31,22,22,22,0,0,False,2022-10-31 13:45:00+00:00,2022-10-31 19:00:00+00:00,0
2022-11-01,22,22,22,0,0,False,2022-11-01 13:45:00+00:00,2022-11-01 19:00:00+00:00,0
2022-11-02,22,22,22,0,0,False,2022-11-02 13:45:00+00:00,2022-11-02 19:00:00+00:00,0
2022-11-03,22,22,22,0,0,False,2022-11-03 13:45:00+00:00,2022-11-03 19:00:00+00:00,0
2022-11-04,22,22,22,0,0,False,2022-11-04 13:45:00+00:00,2022-11-04 19:00:00+00:00,0
2022-11-07,22,22,22,0,0,False,2022-11-07 14:45:00+00:00,2022-11-07 20:00:00+00:00,0
2022-11-08,22,22,22,0,0,False,2022-11-08 14:45:00+00:00,2022-11-08 20:00:00+00:00,0
2022-11-09,22,22,22,0,0,False,2022-11-09 14:45:00+00:00,2022-11-09 20:00:00+00:00,0
2022-11-10,22,22,22,0,0,False,2022-11-10 14:45:00+00:00,2022-11-10 20:00:00+00:00,0
2022-11-11,22,22,22,0,0,False,2022-11-11 14:45:00+00:00,2022-11-11 20:00:00+00:00,0
2022-11-14,22,22,22,0,0,False,2022-11-14 14:45:00+00:00,2022-11-14 20:00:00+00:00,0
2022-11-15,22,22,22,0,0,False,2022-11-15 14:45:00+00:00,2022-11-15 20:00:00+00:00,0
2022-11-16,22,22,22,0,0,False,2022-11-16 14:45:00+00:00,2022-11-16 20:00:00+00:00,0
2022-11-17,22,22,22,0,0,False,2022-11-17 14:45:00+00:00,2022-11-17 20:00:00+00:00,0
2022-11-18,22,22,22,0,0,False,2022-11-18 14:45:00+00:00,2022-11-18 20:00:00+00:00,0
2022-11-21,22,22,22,0,0,False,2022-11-21 14:45:00+00:00,2022-11-21 20:00:00+00:00,0
2022-11-22,22,22,22,0,0,False,2022-11-22 14:45:00+00:00,2022-11-22 20:00:00+00:00,0
2022-11-23,22,22,22,0,0,False,2022-11-23 14:45:00+00:00,2022-11-23 20:00:00+00:00,0
2022-11-24,14,0,0,0,0,False,2022-11-24 14:45:00+00:00,2022-11-24 18:00:00+00:00,14
2022-11-25,15,15,10,0,0,True,2022-11-25 14:45:00+00:00,2022-11-25 18:15:00+00:00,5
2022-11-28,22,22,22,0,0,False,2022-11-28 14:45:00+00:00,2022-11-28 20:00:00+00:00,0
2022-11-29,22,22,22,0,0,False,2022-11-29 14:45:00+00:00,2022-11-29 20:00:00+00:00,0
2022-11-30,22,22,22,0,0,False,2022-11-30 14:45:00+00:00,2022-11-30 20:00:00+00:00,0
2022-12-01,22,22,22,0,0,False,2022-12-01 14:45:00+00:00,2022-12-01 20:00:00+00:00,0
2022-12-02,22,22,22,0,0,False,2022-12-02 14:45:00+00:00,2022-12-02 20:00:00+00:00,0
2022-12-05,22,22,22,0,0,False,2022-12-05 14:45:00+00:00,2022-12-05 20:00:00+00:00,0
2022-12-06,22,22,22,0,0,False,2022-12-06 14:45:00+00:00,2022-12-06 20:00:00+00:00,0
2022-12-07,22,22,22,0,0,False,2022-12-07 14:45:00+00:00,2022-12-07 20:00:00+00:00,0
2022-12-08,22,22,22,0,0,False,2022-12-08 14:45:00+00:00,2022-12-08 20:00:00+00:00,0
2022-12-09,22,22,22,0,0,False,2022-12-09 14:45:00+00:00,2022-12-09 20:00:00+00:00,0
2022-12-12,22,22,22,0,0,False,2022-12-12 14:45:00+00:00,2022-12-12 20:00:00+00:00,0
2022-12-13,22,22,22,0,0,False,2022-12-13 14:45:00+00:00,2022-12-13 20:00:00+00:00,0
2022-12-14,22,22,22,0,0,False,2022-12-14 14:45:00+00:00,2022-12-14 20:00:00+00:00,0
2022-12-15,22,22,22,0,0,False,2022-12-15 14:45:00+00:00,2022-12-15 20:00:00+00:00,0
2022-12-16,22,22,22,0,0,False,2022-12-16 14:45:00+00:00,2022-12-16 20:00:00+00:00,0
2022-12-19,22,22,22,0,0,False,2022-12-19 14:45:00+00:00,2022-12-19 20:00:00+00:00,0
2022-12-20,22,22,22,0,0,False,2022-12-20 14:45:00+00:00,2022-12-20 20:00:00+00:00,0
2022-12-21,22,22,22,0,0,False,2022-12-21 14:45:00+00:00,2022-12-21 20:00:00+00:00,0
2022-12-22,22,22,22,0,0,False,2022-12-22 14:45:00+00:00,2022-12-22 20:00:00+00:00,0
2022-12-23,22,22,22,0,0,False,2022-12-23 14:45:00+00:00,2022-12-23 20:00:00+00:00,0
2022-12-27,22,22,22,0,0,False,2022-12-27 14:45:00+00:00,2022-12-27 20:00:00+00:00,0
2022-12-28,22,22,22,0,0,False,2022-12-28 14:45:00+00:00,2022-12-28 20:00:00+00:00,0
2022-12-29,22,22,22,0,0,False,2022-12-29 14:45:00+00:00,2022-12-29 20:00:00+00:00,0
2022-12-30,22,22,22,0,0,False,2022-12-30 14:45:00+00:00,2022-12-30 20:00:00+00:00,0
2023-01-03,22,22,22,0,0,False,2023-01-03 14:45:00+00:00,2023-01-03 20:00:00+00:00,0
2023-01-04,22,22,22,0,0,False,2023-01-04 14:45:00+00:00,2023-01-04 20:00:00+00:00,0
2023-01-05,22,22,22,0,0,False,2023-01-05 14:45:00+00:00,2023-01-05 20:00:00+00:00,0
2023-01-06,22,22,22,0,0,False,2023-01-06 14:45:00+00:00,2023-01-06 20:00:00+00:00,0
2023-01-09,22,22,22,0,0,False,2023-01-09 14:45:00+00:00,2023-01-09 20:00:00+00:00,0
2023-01-10,22,22,22,0,0,False,2023-01-10 14:45:00+00:00,2023-01-10 20:00:00+00:00,0
2023-01-11,22,22,22,0,0,False,2023-01-11 14:45:00+00:00,2023-01-11 20:00:00+00:00,0
2023-01-12,22,22,22,0,0,False,2023-01-12 14:45:00+00:00,2023-01-12 20:00:00+00:00,0
2023-01-13,22,22,22,0,0,False,2023-01-13 14:45:00+00:00,2023-01-13 20:00:00+00:00,0
2023-01-16,14,0,0,0,0,False,2023-01-16 14:45:00+00:00,2023-01-16 18:00:00+00:00,14
2023-01-17,22,22,22,0,0,False,2023-01-17 14:45:00+00:00,2023-01-17 20:00:00+00:00,0
2023-01-18,22,22,22,0,0,False,2023-01-18 14:45:00+00:00,2023-01-18 20:00:00+00:00,0
2023-01-19,22,22,22,0,0,False,2023-01-19 14:45:00+00:00,2023-01-19 20:00:00+00:00,0
2023-01-20,22,22,22,0,0,False,2023-01-20 14:45:00+00:00,2023-01-20 20:00:00+00:00,0
2023-01-23,22,22,22,0,0,False,2023-01-23 14:45:00+00:00,2023-01-23 20:00:00+00:00,0
2023-01-24,22,22,22,0,0,False,2023-01-24 14:45:00+00:00,2023-01-24 20:00:00+00:00,0
2023-01-25,22,22,22,0,0,False,2023-01-25 14:45:00+00:00,2023-01-25 20:00:00+00:00,0
2023-01-26,22,22,22,0,0,False,2023-01-26 14:45:00+00:00,2023-01-26 20:00:00+00:00,0
2023-01-27,22,22,22,0,0,False,2023-01-27 14:45:00+00:00,2023-01-27 20:00:00+00:00,0
2023-01-30,22,22,22,0,0,False,2023-01-30 14:45:00+00:00,2023-01-30 20:00:00+00:00,0
2023-01-31,22,22,22,0,0,False,2023-01-31 14:45:00+00:00,2023-01-31 20:00:00+00:00,0
2023-02-01,22,22,22,0,0,False,2023-02-01 14:45:00+00:00,2023-02-01 20:00:00+00:00,0
2023-02-02,22,22,22,0,0,False,2023-02-02 14:45:00+00:00,2023-02-02 20:00:00+00:00,0
2023-02-03,22,22,22,0,0,False,2023-02-03 14:45:00+00:00,2023-02-03 20:00:00+00:00,0
2023-02-06,22,22,22,0,0,False,2023-02-06 14:45:00+00:00,2023-02-06 20:00:00+00:00,0
2023-02-07,22,22,22,0,0,False,2023-02-07 14:45:00+00:00,2023-02-07 20:00:00+00:00,0
2023-02-08,22,22,22,0,0,False,2023-02-08 14:45:00+00:00,2023-02-08 20:00:00+00:00,0
2023-02-09,22,22,22,0,0,False,2023-02-09 14:45:00+00:00,2023-02-09 20:00:00+00:00,0
2023-02-10,22,22,22,0,0,False,2023-02-10 14:45:00+00:00,2023-02-10 20:00:00+00:00,0
2023-02-13,22,22,22,0,0,False,2023-02-13 14:45:00+00:00,2023-02-13 20:00:00+00:00,0
2023-02-14,22,22,22,0,0,False,2023-02-14 14:45:00+00:00,2023-02-14 20:00:00+00:00,0
2023-02-15,22,22,22,0,0,False,2023-02-15 14:45:00+00:00,2023-02-15 20:00:00+00:00,0
2023-02-16,22,22,22,0,0,False,2023-02-16 14:45:00+00:00,2023-02-16 20:00:00+00:00,0
2023-02-17,22,22,22,0,0,False,2023-02-17 14:45:00+00:00,2023-02-17 20:00:00+00:00,0
2023-02-20,14,0,0,0,0,False,2023-02-20 14:45:00+00:00,2023-02-20 18:00:00+00:00,14
2023-02-21,22,22,22,0,0,False,2023-02-21 14:45:00+00:00,2023-02-21 20:00:00+00:00,0
2023-02-22,22,22,22,0,0,False,2023-02-22 14:45:00+00:00,2023-02-22 20:00:00+00:00,0
2023-02-23,22,22,22,0,0,False,2023-02-23 14:45:00+00:00,2023-02-23 20:00:00+00:00,0
2023-02-24,22,22,22,0,0,False,2023-02-24 14:45:00+00:00,2023-02-24 20:00:00+00:00,0
2023-02-27,22,22,22,0,0,False,2023-02-27 14:45:00+00:00,2023-02-27 20:00:00+00:00,0
2023-02-28,22,22,22,0,0,False,2023-02-28 14:45:00+00:00,2023-02-28 20:00:00+00:00,0
2023-03-01,22,22,22,0,0,False,2023-03-01 14:45:00+00:00,2023-03-01 20:00:00+00:00,0
2023-03-02,22,22,22,0,0,False,2023-03-02 14:45:00+00:00,2023-03-02 20:00:00+00:00,0
2023-03-03,22,22,22,0,0,False,2023-03-03 14:45:00+00:00,2023-03-03 20:00:00+00:00,0
2023-03-06,22,22,22,0,0,False,2023-03-06 14:45:00+00:00,2023-03-06 20:00:00+00:00,0
2023-03-07,22,22,22,0,0,False,2023-03-07 14:45:00+00:00,2023-03-07 20:00:00+00:00,0
2023-03-08,22,22,22,0,0,False,2023-03-08 14:45:00+00:00,2023-03-08 20:00:00+00:00,0
2023-03-09,22,22,22,0,0,False,2023-03-09 14:45:00+00:00,2023-03-09 20:00:00+00:00,0
2023-03-10,22,22,22,0,0,False,2023-03-10 14:45:00+00:00,2023-03-10 20:00:00+00:00,0
2023-03-13,22,22,22,0,0,False,2023-03-13 13:45:00+00:00,2023-03-13 19:00:00+00:00,0
2023-03-14,22,22,22,0,0,False,2023-03-14 13:45:00+00:00,2023-03-14 19:00:00+00:00,0
2023-03-15,22,22,22,0,0,False,2023-03-15 13:45:00+00:00,2023-03-15 19:00:00+00:00,0
2023-03-16,22,22,22,0,0,False,2023-03-16 13:45:00+00:00,2023-03-16 19:00:00+00:00,0
2023-03-17,22,22,22,0,0,False,2023-03-17 13:45:00+00:00,2023-03-17 19:00:00+00:00,0
2023-03-20,22,22,22,0,0,False,2023-03-20 13:45:00+00:00,2023-03-20 19:00:00+00:00,0
2023-03-21,22,22,22,0,0,False,2023-03-21 13:45:00+00:00,2023-03-21 19:00:00+00:00,0
2023-03-22,22,22,22,0,0,False,2023-03-22 13:45:00+00:00,2023-03-22 19:00:00+00:00,0
2023-03-23,22,22,22,0,0,False,2023-03-23 13:45:00+00:00,2023-03-23 19:00:00+00:00,0
2023-03-24,22,22,22,0,0,False,2023-03-24 13:45:00+00:00,2023-03-24 19:00:00+00:00,0
2023-03-27,22,22,22,0,0,False,2023-03-27 13:45:00+00:00,2023-03-27 19:00:00+00:00,0
2023-03-28,22,22,22,0,0,False,2023-03-28 13:45:00+00:00,2023-03-28 19:00:00+00:00,0
2023-03-29,22,22,22,0,0,False,2023-03-29 13:45:00+00:00,2023-03-29 19:00:00+00:00,0
2023-03-30,22,22,22,0,0,False,2023-03-30 13:45:00+00:00,2023-03-30 19:00:00+00:00,0
2023-03-31,22,22,22,0,0,False,2023-03-31 13:45:00+00:00,2023-03-31 19:00:00+00:00,0
2023-04-03,22,22,22,0,0,False,2023-04-03 13:45:00+00:00,2023-04-03 19:00:00+00:00,0
2023-04-04,22,22,22,0,0,False,2023-04-04 13:45:00+00:00,2023-04-04 19:00:00+00:00,0
2023-04-05,22,22,22,0,0,False,2023-04-05 13:45:00+00:00,2023-04-05 19:00:00+00:00,0
2023-04-06,22,22,22,0,0,False,2023-04-06 13:45:00+00:00,2023-04-06 19:00:00+00:00,0
2023-04-10,22,22,22,0,0,False,2023-04-10 13:45:00+00:00,2023-04-10 19:00:00+00:00,0
2023-04-11,22,22,22,0,0,False,2023-04-11 13:45:00+00:00,2023-04-11 19:00:00+00:00,0
2023-04-12,22,22,22,0,0,False,2023-04-12 13:45:00+00:00,2023-04-12 19:00:00+00:00,0
2023-04-13,22,22,22,0,0,False,2023-04-13 13:45:00+00:00,2023-04-13 19:00:00+00:00,0
2023-04-14,22,22,22,0,0,False,2023-04-14 13:45:00+00:00,2023-04-14 19:00:00+00:00,0
2023-04-17,22,22,22,0,0,False,2023-04-17 13:45:00+00:00,2023-04-17 19:00:00+00:00,0
2023-04-18,22,22,22,0,0,False,2023-04-18 13:45:00+00:00,2023-04-18 19:00:00+00:00,0
2023-04-19,22,22,22,0,0,False,2023-04-19 13:45:00+00:00,2023-04-19 19:00:00+00:00,0
2023-04-20,22,22,22,0,0,False,2023-04-20 13:45:00+00:00,2023-04-20 19:00:00+00:00,0
2023-04-21,22,22,22,0,0,False,2023-04-21 13:45:00+00:00,2023-04-21 19:00:00+00:00,0
2023-04-24,22,22,22,0,0,False,2023-04-24 13:45:00+00:00,2023-04-24 19:00:00+00:00,0
2023-04-25,22,22,22,0,0,False,2023-04-25 13:45:00+00:00,2023-04-25 19:00:00+00:00,0
2023-04-26,22,22,22,0,0,False,2023-04-26 13:45:00+00:00,2023-04-26 19:00:00+00:00,0
2023-04-27,22,22,22,0,0,False,2023-04-27 13:45:00+00:00,2023-04-27 19:00:00+00:00,0
2023-04-28,22,22,22,0,0,False,2023-04-28 13:45:00+00:00,2023-04-28 19:00:00+00:00,0
2023-05-01,22,22,22,0,0,False,2023-05-01 13:45:00+00:00,2023-05-01 19:00:00+00:00,0
2023-05-02,22,22,22,0,0,False,2023-05-02 13:45:00+00:00,2023-05-02 19:00:00+00:00,0
2023-05-03,22,22,22,0,0,False,2023-05-03 13:45:00+00:00,2023-05-03 19:00:00+00:00,0
2023-05-04,22,22,22,0,0,False,2023-05-04 13:45:00+00:00,2023-05-04 19:00:00+00:00,0
2023-05-05,22,22,22,0,0,False,2023-05-05 13:45:00+00:00,2023-05-05 19:00:00+00:00,0
2023-05-08,22,22,22,0,0,False,2023-05-08 13:45:00+00:00,2023-05-08 19:00:00+00:00,0
2023-05-09,22,22,22,0,0,False,2023-05-09 13:45:00+00:00,2023-05-09 19:00:00+00:00,0
2023-05-10,22,22,22,0,0,False,2023-05-10 13:45:00+00:00,2023-05-10 19:00:00+00:00,0
2023-05-11,22,22,22,0,0,False,2023-05-11 13:45:00+00:00,2023-05-11 19:00:00+00:00,0
2023-05-12,22,22,22,0,0,False,2023-05-12 13:45:00+00:00,2023-05-12 19:00:00+00:00,0
2023-05-15,22,22,22,0,0,False,2023-05-15 13:45:00+00:00,2023-05-15 19:00:00+00:00,0
2023-05-16,22,22,22,0,0,False,2023-05-16 13:45:00+00:00,2023-05-16 19:00:00+00:00,0
2023-05-17,22,22,22,0,0,False,2023-05-17 13:45:00+00:00,2023-05-17 19:00:00+00:00,0
2023-05-18,22,22,22,0,0,False,2023-05-18 13:45:00+00:00,2023-05-18 19:00:00+00:00,0
2023-05-19,22,22,22,0,0,False,2023-05-19 13:45:00+00:00,2023-05-19 19:00:00+00:00,0
2023-05-22,22,22,22,0,0,False,2023-05-22 13:45:00+00:00,2023-05-22 19:00:00+00:00,0
2023-05-23,22,22,22,0,0,False,2023-05-23 13:45:00+00:00,2023-05-23 19:00:00+00:00,0
2023-05-24,22,22,22,0,0,False,2023-05-24 13:45:00+00:00,2023-05-24 19:00:00+00:00,0
2023-05-25,22,22,22,0,0,False,2023-05-25 13:45:00+00:00,2023-05-25 19:00:00+00:00,0
2023-05-26,22,22,22,0,0,False,2023-05-26 13:45:00+00:00,2023-05-26 19:00:00+00:00,0
2023-05-29,14,0,0,0,0,False,2023-05-29 13:45:00+00:00,2023-05-29 17:00:00+00:00,14
2023-05-30,22,22,22,0,0,False,2023-05-30 13:45:00+00:00,2023-05-30 19:00:00+00:00,0
2023-05-31,22,22,22,0,0,False,2023-05-31 13:45:00+00:00,2023-05-31 19:00:00+00:00,0
2023-06-01,22,22,22,0,0,False,2023-06-01 13:45:00+00:00,2023-06-01 19:00:00+00:00,0
2023-06-02,22,22,22,0,0,False,2023-06-02 13:45:00+00:00,2023-06-02 19:00:00+00:00,0
2023-06-05,22,22,22,0,0,False,2023-06-05 13:45:00+00:00,2023-06-05 19:00:00+00:00,0
2023-06-06,22,22,22,0,0,False,2023-06-06 13:45:00+00:00,2023-06-06 19:00:00+00:00,0
2023-06-07,22,22,22,0,0,False,2023-06-07 13:45:00+00:00,2023-06-07 19:00:00+00:00,0
2023-06-08,22,22,22,0,0,False,2023-06-08 13:45:00+00:00,2023-06-08 19:00:00+00:00,0
2023-06-09,22,22,22,0,0,False,2023-06-09 13:45:00+00:00,2023-06-09 19:00:00+00:00,0
2023-06-12,22,22,22,0,0,False,2023-06-12 13:45:00+00:00,2023-06-12 19:00:00+00:00,0
2023-06-13,22,22,22,0,0,False,2023-06-13 13:45:00+00:00,2023-06-13 19:00:00+00:00,0
2023-06-14,22,22,22,0,0,False,2023-06-14 13:45:00+00:00,2023-06-14 19:00:00+00:00,0
2023-06-15,22,22,22,0,0,False,2023-06-15 13:45:00+00:00,2023-06-15 19:00:00+00:00,0
2023-06-16,22,22,22,0,0,False,2023-06-16 13:45:00+00:00,2023-06-16 19:00:00+00:00,0
2023-06-19,14,0,0,0,0,False,2023-06-19 13:45:00+00:00,2023-06-19 17:00:00+00:00,14
2023-06-20,22,22,22,0,0,False,2023-06-20 13:45:00+00:00,2023-06-20 19:00:00+00:00,0
2023-06-21,22,22,22,0,0,False,2023-06-21 13:45:00+00:00,2023-06-21 19:00:00+00:00,0
2023-06-22,22,22,22,0,0,False,2023-06-22 13:45:00+00:00,2023-06-22 19:00:00+00:00,0
2023-06-23,22,22,22,0,0,False,2023-06-23 13:45:00+00:00,2023-06-23 19:00:00+00:00,0
2023-06-26,22,22,22,0,0,False,2023-06-26 13:45:00+00:00,2023-06-26 19:00:00+00:00,0
2023-06-27,22,22,22,0,0,False,2023-06-27 13:45:00+00:00,2023-06-27 19:00:00+00:00,0
2023-06-28,22,22,22,0,0,False,2023-06-28 13:45:00+00:00,2023-06-28 19:00:00+00:00,0
2023-06-29,22,22,22,0,0,False,2023-06-29 13:45:00+00:00,2023-06-29 19:00:00+00:00,0
2023-06-30,22,22,22,0,0,False,2023-06-30 13:45:00+00:00,2023-06-30 19:00:00+00:00,0
2023-07-03,15,15,10,0,0,True,2023-07-03 13:45:00+00:00,2023-07-03 17:15:00+00:00,5
2023-07-04,14,0,0,1,0,False,2023-07-04 13:45:00+00:00,2023-07-04 17:00:00+00:00,14
2023-07-05,22,22,22,0,0,False,2023-07-05 13:45:00+00:00,2023-07-05 19:00:00+00:00,0
2023-07-06,22,22,22,0,0,False,2023-07-06 13:45:00+00:00,2023-07-06 19:00:00+00:00,0
2023-07-07,22,22,22,0,0,False,2023-07-07 13:45:00+00:00,2023-07-07 19:00:00+00:00,0
2023-07-10,22,22,22,0,0,False,2023-07-10 13:45:00+00:00,2023-07-10 19:00:00+00:00,0
2023-07-11,22,22,22,0,0,False,2023-07-11 13:45:00+00:00,2023-07-11 19:00:00+00:00,0
2023-07-12,22,22,22,0,0,False,2023-07-12 13:45:00+00:00,2023-07-12 19:00:00+00:00,0
2023-07-13,22,22,22,0,0,False,2023-07-13 13:45:00+00:00,2023-07-13 19:00:00+00:00,0
2023-07-14,22,22,22,0,0,False,2023-07-14 13:45:00+00:00,2023-07-14 19:00:00+00:00,0
2023-07-17,22,22,22,0,0,False,2023-07-17 13:45:00+00:00,2023-07-17 19:00:00+00:00,0
2023-07-18,22,22,22,0,0,False,2023-07-18 13:45:00+00:00,2023-07-18 19:00:00+00:00,0
2023-07-19,22,22,22,0,0,False,2023-07-19 13:45:00+00:00,2023-07-19 19:00:00+00:00,0
2023-07-20,22,22,22,0,0,False,2023-07-20 13:45:00+00:00,2023-07-20 19:00:00+00:00,0
2023-07-21,22,22,22,0,0,False,2023-07-21 13:45:00+00:00,2023-07-21 19:00:00+00:00,0
2023-07-24,22,22,22,0,0,False,2023-07-24 13:45:00+00:00,2023-07-24 19:00:00+00:00,0
2023-07-25,22,22,22,0,0,False,2023-07-25 13:45:00+00:00,2023-07-25 19:00:00+00:00,0
2023-07-26,22,22,22,0,0,False,2023-07-26 13:45:00+00:00,2023-07-26 19:00:00+00:00,0
2023-07-27,22,22,22,0,0,False,2023-07-27 13:45:00+00:00,2023-07-27 19:00:00+00:00,0
2023-07-28,22,22,22,0,0,False,2023-07-28 13:45:00+00:00,2023-07-28 19:00:00+00:00,0
2023-07-31,22,22,22,0,0,False,2023-07-31 13:45:00+00:00,2023-07-31 19:00:00+00:00,0
2023-08-01,22,22,22,0,0,False,2023-08-01 13:45:00+00:00,2023-08-01 19:00:00+00:00,0
2023-08-02,22,22,22,0,0,False,2023-08-02 13:45:00+00:00,2023-08-02 19:00:00+00:00,0
2023-08-03,22,22,22,0,0,False,2023-08-03 13:45:00+00:00,2023-08-03 19:00:00+00:00,0
2023-08-04,22,22,22,0,0,False,2023-08-04 13:45:00+00:00,2023-08-04 19:00:00+00:00,0
2023-08-07,22,22,22,0,0,False,2023-08-07 13:45:00+00:00,2023-08-07 19:00:00+00:00,0
2023-08-08,22,22,22,0,0,False,2023-08-08 13:45:00+00:00,2023-08-08 19:00:00+00:00,0
2023-08-09,22,22,22,0,0,False,2023-08-09 13:45:00+00:00,2023-08-09 19:00:00+00:00,0
2023-08-10,22,22,22,0,0,False,2023-08-10 13:45:00+00:00,2023-08-10 19:00:00+00:00,0
2023-08-11,22,22,22,0,0,False,2023-08-11 13:45:00+00:00,2023-08-11 19:00:00+00:00,0
2023-08-14,22,22,22,0,0,False,2023-08-14 13:45:00+00:00,2023-08-14 19:00:00+00:00,0
2023-08-15,22,22,22,0,0,False,2023-08-15 13:45:00+00:00,2023-08-15 19:00:00+00:00,0
2023-08-16,22,22,22,0,0,False,2023-08-16 13:45:00+00:00,2023-08-16 19:00:00+00:00,0
2023-08-17,22,22,22,0,0,False,2023-08-17 13:45:00+00:00,2023-08-17 19:00:00+00:00,0
2023-08-18,22,22,22,0,0,False,2023-08-18 13:45:00+00:00,2023-08-18 19:00:00+00:00,0
2023-08-21,22,22,22,0,0,False,2023-08-21 13:45:00+00:00,2023-08-21 19:00:00+00:00,0
2023-08-22,22,22,22,0,0,False,2023-08-22 13:45:00+00:00,2023-08-22 19:00:00+00:00,0
2023-08-23,22,22,22,0,0,False,2023-08-23 13:45:00+00:00,2023-08-23 19:00:00+00:00,0
2023-08-24,22,22,22,0,0,False,2023-08-24 13:45:00+00:00,2023-08-24 19:00:00+00:00,0
2023-08-25,22,22,22,0,0,False,2023-08-25 13:45:00+00:00,2023-08-25 19:00:00+00:00,0
2023-08-28,22,22,22,0,0,False,2023-08-28 13:45:00+00:00,2023-08-28 19:00:00+00:00,0
2023-08-29,22,22,22,0,0,False,2023-08-29 13:45:00+00:00,2023-08-29 19:00:00+00:00,0
2023-08-30,22,22,22,0,0,False,2023-08-30 13:45:00+00:00,2023-08-30 19:00:00+00:00,0
2023-08-31,22,22,22,0,0,False,2023-08-31 13:45:00+00:00,2023-08-31 19:00:00+00:00,0
2023-09-01,22,22,22,0,0,False,2023-09-01 13:45:00+00:00,2023-09-01 19:00:00+00:00,0
2023-09-04,14,0,0,0,0,False,2023-09-04 13:45:00+00:00,2023-09-04 17:00:00+00:00,14
2023-09-05,22,22,22,0,0,False,2023-09-05 13:45:00+00:00,2023-09-05 19:00:00+00:00,0
2023-09-06,22,22,22,0,0,False,2023-09-06 13:45:00+00:00,2023-09-06 19:00:00+00:00,0
2023-09-07,22,22,22,0,0,False,2023-09-07 13:45:00+00:00,2023-09-07 19:00:00+00:00,0
2023-09-08,22,22,22,0,0,False,2023-09-08 13:45:00+00:00,2023-09-08 19:00:00+00:00,0
2023-09-11,22,22,22,0,0,False,2023-09-11 13:45:00+00:00,2023-09-11 19:00:00+00:00,0
2023-09-12,22,22,22,0,0,False,2023-09-12 13:45:00+00:00,2023-09-12 19:00:00+00:00,0
2023-09-13,22,22,22,0,0,False,2023-09-13 13:45:00+00:00,2023-09-13 19:00:00+00:00,0
2023-09-14,22,22,22,0,0,False,2023-09-14 13:45:00+00:00,2023-09-14 19:00:00+00:00,0
2023-09-15,22,22,22,0,0,False,2023-09-15 13:45:00+00:00,2023-09-15 19:00:00+00:00,0
2023-09-18,22,22,22,0,0,False,2023-09-18 13:45:00+00:00,2023-09-18 19:00:00+00:00,0
2023-09-19,22,22,22,0,0,False,2023-09-19 13:45:00+00:00,2023-09-19 19:00:00+00:00,0
2023-09-20,22,22,22,0,0,False,2023-09-20 13:45:00+00:00,2023-09-20 19:00:00+00:00,0
2023-09-21,22,22,22,0,0,False,2023-09-21 13:45:00+00:00,2023-09-21 19:00:00+00:00,0
2023-09-22,22,22,22,0,0,False,2023-09-22 13:45:00+00:00,2023-09-22 19:00:00+00:00,0
2023-09-25,22,22,22,0,0,False,2023-09-25 13:45:00+00:00,2023-09-25 19:00:00+00:00,0
2023-09-26,22,22,22,0,0,False,2023-09-26 13:45:00+00:00,2023-09-26 19:00:00+00:00,0
2023-09-27,22,22,22,0,0,False,2023-09-27 13:45:00+00:00,2023-09-27 19:00:00+00:00,0
2023-09-28,22,22,22,0,0,False,2023-09-28 13:45:00+00:00,2023-09-28 19:00:00+00:00,0
2023-09-29,22,22,22,0,0,False,2023-09-29 13:45:00+00:00,2023-09-29 19:00:00+00:00,0
2023-10-02,22,22,22,0,0,False,2023-10-02 13:45:00+00:00,2023-10-02 19:00:00+00:00,0
2023-10-03,22,22,22,0,0,False,2023-10-03 13:45:00+00:00,2023-10-03 19:00:00+00:00,0
2023-10-04,22,22,22,0,0,False,2023-10-04 13:45:00+00:00,2023-10-04 19:00:00+00:00,0
2023-10-05,22,22,22,0,0,False,2023-10-05 13:45:00+00:00,2023-10-05 19:00:00+00:00,0
2023-10-06,22,22,22,0,0,False,2023-10-06 13:45:00+00:00,2023-10-06 19:00:00+00:00,0
2023-10-09,22,22,22,0,0,False,2023-10-09 13:45:00+00:00,2023-10-09 19:00:00+00:00,0
2023-10-10,22,22,22,0,0,False,2023-10-10 13:45:00+00:00,2023-10-10 19:00:00+00:00,0
2023-10-11,22,22,22,0,0,False,2023-10-11 13:45:00+00:00,2023-10-11 19:00:00+00:00,0
2023-10-12,22,22,22,0,0,False,2023-10-12 13:45:00+00:00,2023-10-12 19:00:00+00:00,0
2023-10-13,22,22,22,0,0,False,2023-10-13 13:45:00+00:00,2023-10-13 19:00:00+00:00,0
2023-10-16,22,22,22,0,0,False,2023-10-16 13:45:00+00:00,2023-10-16 19:00:00+00:00,0
2023-10-17,22,22,22,0,0,False,2023-10-17 13:45:00+00:00,2023-10-17 19:00:00+00:00,0
2023-10-18,22,22,22,0,0,False,2023-10-18 13:45:00+00:00,2023-10-18 19:00:00+00:00,0
2023-10-19,22,22,22,0,0,False,2023-10-19 13:45:00+00:00,2023-10-19 19:00:00+00:00,0
2023-10-20,22,22,22,0,0,False,2023-10-20 13:45:00+00:00,2023-10-20 19:00:00+00:00,0
2023-10-23,22,22,22,0,0,False,2023-10-23 13:45:00+00:00,2023-10-23 19:00:00+00:00,0
2023-10-24,22,22,22,0,0,False,2023-10-24 13:45:00+00:00,2023-10-24 19:00:00+00:00,0
2023-10-25,22,22,22,0,0,False,2023-10-25 13:45:00+00:00,2023-10-25 19:00:00+00:00,0
2023-10-26,22,22,22,0,0,False,2023-10-26 13:45:00+00:00,2023-10-26 19:00:00+00:00,0
2023-10-27,22,22,22,0,0,False,2023-10-27 13:45:00+00:00,2023-10-27 19:00:00+00:00,0
2023-10-30,22,22,22,0,0,False,2023-10-30 13:45:00+00:00,2023-10-30 19:00:00+00:00,0
2023-10-31,22,22,22,0,0,False,2023-10-31 13:45:00+00:00,2023-10-31 19:00:00+00:00,0
2023-11-01,22,22,22,0,0,False,2023-11-01 13:45:00+00:00,2023-11-01 19:00:00+00:00,0
2023-11-02,22,22,22,0,0,False,2023-11-02 13:45:00+00:00,2023-11-02 19:00:00+00:00,0
2023-11-03,22,22,22,0,0,False,2023-11-03 13:45:00+00:00,2023-11-03 19:00:00+00:00,0
2023-11-06,22,22,22,0,0,False,2023-11-06 14:45:00+00:00,2023-11-06 20:00:00+00:00,0
2023-11-07,22,22,22,0,0,False,2023-11-07 14:45:00+00:00,2023-11-07 20:00:00+00:00,0
2023-11-08,22,22,22,0,0,False,2023-11-08 14:45:00+00:00,2023-11-08 20:00:00+00:00,0
2023-11-09,22,22,22,0,0,False,2023-11-09 14:45:00+00:00,2023-11-09 20:00:00+00:00,0
2023-11-10,22,22,22,0,0,False,2023-11-10 14:45:00+00:00,2023-11-10 20:00:00+00:00,0
2023-11-13,22,22,22,0,0,False,2023-11-13 14:45:00+00:00,2023-11-13 20:00:00+00:00,0
2023-11-14,22,22,22,0,0,False,2023-11-14 14:45:00+00:00,2023-11-14 20:00:00+00:00,0
2023-11-15,22,22,22,0,0,False,2023-11-15 14:45:00+00:00,2023-11-15 20:00:00+00:00,0
2023-11-16,22,22,22,0,0,False,2023-11-16 14:45:00+00:00,2023-11-16 20:00:00+00:00,0
2023-11-17,22,22,22,0,0,False,2023-11-17 14:45:00+00:00,2023-11-17 20:00:00+00:00,0
2023-11-20,22,22,22,0,0,False,2023-11-20 14:45:00+00:00,2023-11-20 20:00:00+00:00,0
2023-11-21,22,22,22,0,0,False,2023-11-21 14:45:00+00:00,2023-11-21 20:00:00+00:00,0
2023-11-22,22,22,22,0,0,False,2023-11-22 14:45:00+00:00,2023-11-22 20:00:00+00:00,0
2023-11-23,14,0,0,1,0,False,2023-11-23 14:45:00+00:00,2023-11-23 18:00:00+00:00,14
2023-11-24,15,15,10,0,0,True,2023-11-24 14:45:00+00:00,2023-11-24 18:15:00+00:00,5
2023-11-27,22,22,22,0,0,False,2023-11-27 14:45:00+00:00,2023-11-27 20:00:00+00:00,0
2023-11-28,22,22,22,0,0,False,2023-11-28 14:45:00+00:00,2023-11-28 20:00:00+00:00,0
2023-11-29,22,22,22,0,0,False,2023-11-29 14:45:00+00:00,2023-11-29 20:00:00+00:00,0
2023-11-30,22,22,22,0,0,False,2023-11-30 14:45:00+00:00,2023-11-30 20:00:00+00:00,0
2023-12-01,22,22,22,0,0,False,2023-12-01 14:45:00+00:00,2023-12-01 20:00:00+00:00,0
2023-12-04,22,22,22,0,0,False,2023-12-04 14:45:00+00:00,2023-12-04 20:00:00+00:00,0
2023-12-05,22,22,22,0,0,False,2023-12-05 14:45:00+00:00,2023-12-05 20:00:00+00:00,0
2023-12-06,22,22,22,0,0,False,2023-12-06 14:45:00+00:00,2023-12-06 20:00:00+00:00,0
2023-12-07,22,22,22,0,0,False,2023-12-07 14:45:00+00:00,2023-12-07 20:00:00+00:00,0
2023-12-08,22,22,22,0,0,False,2023-12-08 14:45:00+00:00,2023-12-08 20:00:00+00:00,0
2023-12-11,22,22,22,0,0,False,2023-12-11 14:45:00+00:00,2023-12-11 20:00:00+00:00,0
2023-12-12,22,22,22,0,0,False,2023-12-12 14:45:00+00:00,2023-12-12 20:00:00+00:00,0
2023-12-13,22,22,22,0,0,False,2023-12-13 14:45:00+00:00,2023-12-13 20:00:00+00:00,0
2023-12-14,22,22,22,0,0,False,2023-12-14 14:45:00+00:00,2023-12-14 20:00:00+00:00,0
2023-12-15,22,22,22,0,0,False,2023-12-15 14:45:00+00:00,2023-12-15 20:00:00+00:00,0
2023-12-18,22,22,22,0,0,False,2023-12-18 14:45:00+00:00,2023-12-18 20:00:00+00:00,0
2023-12-19,22,22,22,0,0,False,2023-12-19 14:45:00+00:00,2023-12-19 20:00:00+00:00,0
2023-12-20,22,22,22,0,0,False,2023-12-20 14:45:00+00:00,2023-12-20 20:00:00+00:00,0
2023-12-21,22,22,22,0,0,False,2023-12-21 14:45:00+00:00,2023-12-21 20:00:00+00:00,0
2023-12-22,22,22,22,0,0,False,2023-12-22 14:45:00+00:00,2023-12-22 20:00:00+00:00,0
2023-12-26,22,22,22,0,0,False,2023-12-26 14:45:00+00:00,2023-12-26 20:00:00+00:00,0
2023-12-27,22,22,22,0,0,False,2023-12-27 14:45:00+00:00,2023-12-27 20:00:00+00:00,0
2023-12-28,22,22,22,0,0,False,2023-12-28 14:45:00+00:00,2023-12-28 20:00:00+00:00,0
2023-12-29,22,22,22,0,0,False,2023-12-29 14:45:00+00:00,2023-12-29 20:00:00+00:00,0
2024-01-02,22,22,22,0,0,False,2024-01-02 14:45:00+00:00,2024-01-02 20:00:00+00:00,0
2024-01-03,22,22,22,0,0,False,2024-01-03 14:45:00+00:00,2024-01-03 20:00:00+00:00,0
2024-01-04,22,22,22,0,0,False,2024-01-04 14:45:00+00:00,2024-01-04 20:00:00+00:00,0
2024-01-05,22,22,22,0,0,False,2024-01-05 14:45:00+00:00,2024-01-05 20:00:00+00:00,0
2024-01-08,22,22,22,0,0,False,2024-01-08 14:45:00+00:00,2024-01-08 20:00:00+00:00,0
2024-01-09,22,22,22,0,0,False,2024-01-09 14:45:00+00:00,2024-01-09 20:00:00+00:00,0
2024-01-10,22,22,22,0,0,False,2024-01-10 14:45:00+00:00,2024-01-10 20:00:00+00:00,0
2024-01-11,22,22,22,0,0,False,2024-01-11 14:45:00+00:00,2024-01-11 20:00:00+00:00,0
2024-01-12,22,22,22,0,0,False,2024-01-12 14:45:00+00:00,2024-01-12 20:00:00+00:00,0
2024-01-15,14,0,0,0,0,False,2024-01-15 14:45:00+00:00,2024-01-15 18:00:00+00:00,14
2024-01-16,22,22,22,0,0,False,2024-01-16 14:45:00+00:00,2024-01-16 20:00:00+00:00,0
2024-01-17,22,22,22,0,0,False,2024-01-17 14:45:00+00:00,2024-01-17 20:00:00+00:00,0
2024-01-18,22,22,22,0,0,False,2024-01-18 14:45:00+00:00,2024-01-18 20:00:00+00:00,0
2024-01-19,22,22,22,0,0,False,2024-01-19 14:45:00+00:00,2024-01-19 20:00:00+00:00,0
2024-01-22,22,22,22,0,0,False,2024-01-22 14:45:00+00:00,2024-01-22 20:00:00+00:00,0
2024-01-23,22,22,22,0,0,False,2024-01-23 14:45:00+00:00,2024-01-23 20:00:00+00:00,0
2024-01-24,22,22,22,0,0,False,2024-01-24 14:45:00+00:00,2024-01-24 20:00:00+00:00,0
2024-01-25,22,22,22,0,0,False,2024-01-25 14:45:00+00:00,2024-01-25 20:00:00+00:00,0
2024-01-26,22,22,22,0,0,False,2024-01-26 14:45:00+00:00,2024-01-26 20:00:00+00:00,0
2024-01-29,22,22,22,0,0,False,2024-01-29 14:45:00+00:00,2024-01-29 20:00:00+00:00,0
2024-01-30,22,22,22,0,0,False,2024-01-30 14:45:00+00:00,2024-01-30 20:00:00+00:00,0
2024-01-31,22,22,22,0,0,False,2024-01-31 14:45:00+00:00,2024-01-31 20:00:00+00:00,0
2024-02-01,22,22,22,0,0,False,2024-02-01 14:45:00+00:00,2024-02-01 20:00:00+00:00,0
2024-02-02,22,22,22,0,0,False,2024-02-02 14:45:00+00:00,2024-02-02 20:00:00+00:00,0
2024-02-05,22,22,22,0,0,False,2024-02-05 14:45:00+00:00,2024-02-05 20:00:00+00:00,0
2024-02-06,22,22,22,0,0,False,2024-02-06 14:45:00+00:00,2024-02-06 20:00:00+00:00,0
2024-02-07,22,22,22,0,0,False,2024-02-07 14:45:00+00:00,2024-02-07 20:00:00+00:00,0
2024-02-08,22,22,22,0,0,False,2024-02-08 14:45:00+00:00,2024-02-08 20:00:00+00:00,0
2024-02-09,22,22,22,0,0,False,2024-02-09 14:45:00+00:00,2024-02-09 20:00:00+00:00,0
2024-02-12,22,22,22,0,0,False,2024-02-12 14:45:00+00:00,2024-02-12 20:00:00+00:00,0
2024-02-13,22,22,22,0,0,False,2024-02-13 14:45:00+00:00,2024-02-13 20:00:00+00:00,0
2024-02-14,22,22,22,0,0,False,2024-02-14 14:45:00+00:00,2024-02-14 20:00:00+00:00,0
2024-02-15,22,22,22,0,0,False,2024-02-15 14:45:00+00:00,2024-02-15 20:00:00+00:00,0
2024-02-16,22,22,22,0,0,False,2024-02-16 14:45:00+00:00,2024-02-16 20:00:00+00:00,0
2024-02-19,14,0,0,0,0,False,2024-02-19 14:45:00+00:00,2024-02-19 18:00:00+00:00,14
2024-02-20,22,22,22,0,0,False,2024-02-20 14:45:00+00:00,2024-02-20 20:00:00+00:00,0
2024-02-21,22,22,22,0,0,False,2024-02-21 14:45:00+00:00,2024-02-21 20:00:00+00:00,0
2024-02-22,22,22,22,0,0,False,2024-02-22 14:45:00+00:00,2024-02-22 20:00:00+00:00,0
2024-02-23,22,22,22,0,0,False,2024-02-23 14:45:00+00:00,2024-02-23 20:00:00+00:00,0
2024-02-26,22,22,22,0,0,False,2024-02-26 14:45:00+00:00,2024-02-26 20:00:00+00:00,0
2024-02-27,22,22,22,0,0,False,2024-02-27 14:45:00+00:00,2024-02-27 20:00:00+00:00,0
2024-02-28,22,22,22,0,0,False,2024-02-28 14:45:00+00:00,2024-02-28 20:00:00+00:00,0
2024-02-29,22,22,22,0,0,False,2024-02-29 14:45:00+00:00,2024-02-29 20:00:00+00:00,0
2024-03-01,22,22,22,0,0,False,2024-03-01 14:45:00+00:00,2024-03-01 20:00:00+00:00,0
2024-03-04,22,22,22,0,0,False,2024-03-04 14:45:00+00:00,2024-03-04 20:00:00+00:00,0
2024-03-05,22,22,22,0,0,False,2024-03-05 14:45:00+00:00,2024-03-05 20:00:00+00:00,0
2024-03-06,22,22,22,0,0,False,2024-03-06 14:45:00+00:00,2024-03-06 20:00:00+00:00,0
2024-03-07,22,22,22,0,0,False,2024-03-07 14:45:00+00:00,2024-03-07 20:00:00+00:00,0
2024-03-08,22,22,22,0,0,False,2024-03-08 14:45:00+00:00,2024-03-08 20:00:00+00:00,0
2024-03-11,22,22,22,0,0,False,2024-03-11 13:45:00+00:00,2024-03-11 19:00:00+00:00,0
2024-03-12,22,22,22,0,0,False,2024-03-12 13:45:00+00:00,2024-03-12 19:00:00+00:00,0
2024-03-13,22,22,22,0,0,False,2024-03-13 13:45:00+00:00,2024-03-13 19:00:00+00:00,0
2024-03-14,22,22,22,0,0,False,2024-03-14 13:45:00+00:00,2024-03-14 19:00:00+00:00,0
2024-03-15,22,22,22,0,0,False,2024-03-15 13:45:00+00:00,2024-03-15 19:00:00+00:00,0
2024-03-18,22,22,22,0,0,False,2024-03-18 13:45:00+00:00,2024-03-18 19:00:00+00:00,0
2024-03-19,22,22,22,0,0,False,2024-03-19 13:45:00+00:00,2024-03-19 19:00:00+00:00,0
2024-03-20,22,22,22,0,0,False,2024-03-20 13:45:00+00:00,2024-03-20 19:00:00+00:00,0
2024-03-21,22,22,22,0,0,False,2024-03-21 13:45:00+00:00,2024-03-21 19:00:00+00:00,0
2024-03-22,22,22,22,0,0,False,2024-03-22 13:45:00+00:00,2024-03-22 19:00:00+00:00,0
2024-03-25,22,22,22,0,0,False,2024-03-25 13:45:00+00:00,2024-03-25 19:00:00+00:00,0
2024-03-26,22,22,22,0,0,False,2024-03-26 13:45:00+00:00,2024-03-26 19:00:00+00:00,0
2024-03-27,22,22,22,0,0,False,2024-03-27 13:45:00+00:00,2024-03-27 19:00:00+00:00,0
2024-03-28,22,22,22,0,0,False,2024-03-28 13:45:00+00:00,2024-03-28 19:00:00+00:00,0
2024-04-01,22,22,22,0,0,False,2024-04-01 13:45:00+00:00,2024-04-01 19:00:00+00:00,0
2024-04-02,22,22,22,0,0,False,2024-04-02 13:45:00+00:00,2024-04-02 19:00:00+00:00,0
2024-04-03,22,22,22,0,0,False,2024-04-03 13:45:00+00:00,2024-04-03 19:00:00+00:00,0
2024-04-04,22,22,22,0,0,False,2024-04-04 13:45:00+00:00,2024-04-04 19:00:00+00:00,0
2024-04-05,22,22,22,0,0,False,2024-04-05 13:45:00+00:00,2024-04-05 19:00:00+00:00,0
2024-04-08,22,22,22,0,0,False,2024-04-08 13:45:00+00:00,2024-04-08 19:00:00+00:00,0
2024-04-09,22,22,22,0,0,False,2024-04-09 13:45:00+00:00,2024-04-09 19:00:00+00:00,0
2024-04-10,22,22,22,0,0,False,2024-04-10 13:45:00+00:00,2024-04-10 19:00:00+00:00,0
2024-04-11,22,22,22,0,0,False,2024-04-11 13:45:00+00:00,2024-04-11 19:00:00+00:00,0
2024-04-12,22,22,22,0,0,False,2024-04-12 13:45:00+00:00,2024-04-12 19:00:00+00:00,0
2024-04-15,22,22,22,0,0,False,2024-04-15 13:45:00+00:00,2024-04-15 19:00:00+00:00,0
2024-04-16,22,22,22,0,0,False,2024-04-16 13:45:00+00:00,2024-04-16 19:00:00+00:00,0
2024-04-17,22,22,22,0,0,False,2024-04-17 13:45:00+00:00,2024-04-17 19:00:00+00:00,0
2024-04-18,22,22,22,0,0,False,2024-04-18 13:45:00+00:00,2024-04-18 19:00:00+00:00,0
2024-04-19,22,22,22,0,0,False,2024-04-19 13:45:00+00:00,2024-04-19 19:00:00+00:00,0
2024-04-22,22,22,22,0,0,False,2024-04-22 13:45:00+00:00,2024-04-22 19:00:00+00:00,0
2024-04-23,22,22,22,0,0,False,2024-04-23 13:45:00+00:00,2024-04-23 19:00:00+00:00,0
2024-04-24,22,22,22,0,0,False,2024-04-24 13:45:00+00:00,2024-04-24 19:00:00+00:00,0
2024-04-25,22,22,22,0,0,False,2024-04-25 13:45:00+00:00,2024-04-25 19:00:00+00:00,0
2024-04-26,22,22,22,0,0,False,2024-04-26 13:45:00+00:00,2024-04-26 19:00:00+00:00,0
2024-04-29,22,22,22,0,0,False,2024-04-29 13:45:00+00:00,2024-04-29 19:00:00+00:00,0
2024-04-30,22,22,22,0,0,False,2024-04-30 13:45:00+00:00,2024-04-30 19:00:00+00:00,0
2024-05-01,22,22,22,0,0,False,2024-05-01 13:45:00+00:00,2024-05-01 19:00:00+00:00,0
2024-05-02,22,22,22,0,0,False,2024-05-02 13:45:00+00:00,2024-05-02 19:00:00+00:00,0
2024-05-03,22,22,22,0,0,False,2024-05-03 13:45:00+00:00,2024-05-03 19:00:00+00:00,0
2024-05-06,22,22,22,0,0,False,2024-05-06 13:45:00+00:00,2024-05-06 19:00:00+00:00,0
2024-05-07,22,22,22,0,0,False,2024-05-07 13:45:00+00:00,2024-05-07 19:00:00+00:00,0
2024-05-08,22,22,22,0,0,False,2024-05-08 13:45:00+00:00,2024-05-08 19:00:00+00:00,0
2024-05-09,22,22,22,0,0,False,2024-05-09 13:45:00+00:00,2024-05-09 19:00:00+00:00,0
2024-05-10,22,22,22,0,0,False,2024-05-10 13:45:00+00:00,2024-05-10 19:00:00+00:00,0
2024-05-13,22,22,22,0,0,False,2024-05-13 13:45:00+00:00,2024-05-13 19:00:00+00:00,0
2024-05-14,22,22,22,0,0,False,2024-05-14 13:45:00+00:00,2024-05-14 19:00:00+00:00,0
2024-05-15,22,22,22,0,0,False,2024-05-15 13:45:00+00:00,2024-05-15 19:00:00+00:00,0
2024-05-16,22,22,22,0,0,False,2024-05-16 13:45:00+00:00,2024-05-16 19:00:00+00:00,0
2024-05-17,22,22,22,0,0,False,2024-05-17 13:45:00+00:00,2024-05-17 19:00:00+00:00,0
2024-05-20,22,22,22,0,0,False,2024-05-20 13:45:00+00:00,2024-05-20 19:00:00+00:00,0
2024-05-21,22,22,22,0,0,False,2024-05-21 13:45:00+00:00,2024-05-21 19:00:00+00:00,0
2024-05-22,22,22,22,0,0,False,2024-05-22 13:45:00+00:00,2024-05-22 19:00:00+00:00,0
2024-05-23,22,22,22,0,0,False,2024-05-23 13:45:00+00:00,2024-05-23 19:00:00+00:00,0
2024-05-24,22,22,22,0,0,False,2024-05-24 13:45:00+00:00,2024-05-24 19:00:00+00:00,0
2024-05-27,14,0,0,0,0,False,2024-05-27 13:45:00+00:00,2024-05-27 17:00:00+00:00,14
2024-05-28,22,22,22,0,0,False,2024-05-28 13:45:00+00:00,2024-05-28 19:00:00+00:00,0
2024-05-29,22,22,22,0,0,False,2024-05-29 13:45:00+00:00,2024-05-29 19:00:00+00:00,0
2024-05-30,22,22,22,0,0,False,2024-05-30 13:45:00+00:00,2024-05-30 19:00:00+00:00,0
2024-05-31,22,22,22,0,0,False,2024-05-31 13:45:00+00:00,2024-05-31 19:00:00+00:00,0
2024-06-03,22,22,22,0,0,False,2024-06-03 13:45:00+00:00,2024-06-03 19:00:00+00:00,0
2024-06-04,22,22,22,0,0,False,2024-06-04 13:45:00+00:00,2024-06-04 19:00:00+00:00,0
2024-06-05,22,22,22,0,0,False,2024-06-05 13:45:00+00:00,2024-06-05 19:00:00+00:00,0
2024-06-06,22,22,22,0,0,False,2024-06-06 13:45:00+00:00,2024-06-06 19:00:00+00:00,0
2024-06-07,22,22,22,0,0,False,2024-06-07 13:45:00+00:00,2024-06-07 19:00:00+00:00,0
2024-06-10,22,22,22,0,0,False,2024-06-10 13:45:00+00:00,2024-06-10 19:00:00+00:00,0
2024-06-11,22,22,22,0,0,False,2024-06-11 13:45:00+00:00,2024-06-11 19:00:00+00:00,0
2024-06-12,22,22,22,0,0,False,2024-06-12 13:45:00+00:00,2024-06-12 19:00:00+00:00,0
2024-06-13,22,22,22,0,0,False,2024-06-13 13:45:00+00:00,2024-06-13 19:00:00+00:00,0
2024-06-14,22,22,22,0,0,False,2024-06-14 13:45:00+00:00,2024-06-14 19:00:00+00:00,0
2024-06-17,22,22,22,0,0,False,2024-06-17 13:45:00+00:00,2024-06-17 19:00:00+00:00,0
2024-06-18,22,22,22,0,0,False,2024-06-18 13:45:00+00:00,2024-06-18 19:00:00+00:00,0
2024-06-19,14,0,0,0,0,False,2024-06-19 13:45:00+00:00,2024-06-19 17:00:00+00:00,14
2024-06-20,22,22,22,0,0,False,2024-06-20 13:45:00+00:00,2024-06-20 19:00:00+00:00,0
2024-06-21,22,22,22,0,0,False,2024-06-21 13:45:00+00:00,2024-06-21 19:00:00+00:00,0
2024-06-24,22,22,22,0,0,False,2024-06-24 13:45:00+00:00,2024-06-24 19:00:00+00:00,0
2024-06-25,22,22,22,0,0,False,2024-06-25 13:45:00+00:00,2024-06-25 19:00:00+00:00,0
2024-06-26,22,22,22,0,0,False,2024-06-26 13:45:00+00:00,2024-06-26 19:00:00+00:00,0
2024-06-27,22,22,22,0,0,False,2024-06-27 13:45:00+00:00,2024-06-27 19:00:00+00:00,0
2024-06-28,22,22,22,0,0,False,2024-06-28 13:45:00+00:00,2024-06-28 19:00:00+00:00,0
2024-07-01,22,22,22,0,0,False,2024-07-01 13:45:00+00:00,2024-07-01 19:00:00+00:00,0
2024-07-02,22,22,22,0,0,False,2024-07-02 13:45:00+00:00,2024-07-02 19:00:00+00:00,0
2024-07-03,15,15,10,0,0,True,2024-07-03 13:45:00+00:00,2024-07-03 17:15:00+00:00,5
2024-07-04,14,0,0,0,0,False,2024-07-04 13:45:00+00:00,2024-07-04 17:00:00+00:00,14
2024-07-05,22,22,22,0,0,False,2024-07-05 13:45:00+00:00,2024-07-05 19:00:00+00:00,0
2024-07-08,22,22,22,0,0,False,2024-07-08 13:45:00+00:00,2024-07-08 19:00:00+00:00,0
2024-07-09,22,22,22,0,0,False,2024-07-09 13:45:00+00:00,2024-07-09 19:00:00+00:00,0
2024-07-10,22,22,22,0,0,False,2024-07-10 13:45:00+00:00,2024-07-10 19:00:00+00:00,0
2024-07-11,22,22,22,0,0,False,2024-07-11 13:45:00+00:00,2024-07-11 19:00:00+00:00,0
2024-07-12,22,22,22,0,0,False,2024-07-12 13:45:00+00:00,2024-07-12 19:00:00+00:00,0
2024-07-15,22,22,22,0,0,False,2024-07-15 13:45:00+00:00,2024-07-15 19:00:00+00:00,0
2024-07-16,22,22,22,0,0,False,2024-07-16 13:45:00+00:00,2024-07-16 19:00:00+00:00,0
2024-07-17,22,22,22,0,0,False,2024-07-17 13:45:00+00:00,2024-07-17 19:00:00+00:00,0
2024-07-18,22,22,22,0,0,False,2024-07-18 13:45:00+00:00,2024-07-18 19:00:00+00:00,0
2024-07-19,22,22,22,0,0,False,2024-07-19 13:45:00+00:00,2024-07-19 19:00:00+00:00,0
2024-07-22,22,22,22,0,0,False,2024-07-22 13:45:00+00:00,2024-07-22 19:00:00+00:00,0
2024-07-23,22,22,22,0,0,False,2024-07-23 13:45:00+00:00,2024-07-23 19:00:00+00:00,0
2024-07-24,22,22,22,0,0,False,2024-07-24 13:45:00+00:00,2024-07-24 19:00:00+00:00,0
2024-07-25,22,22,22,0,0,False,2024-07-25 13:45:00+00:00,2024-07-25 19:00:00+00:00,0
2024-07-26,22,22,22,0,0,False,2024-07-26 13:45:00+00:00,2024-07-26 19:00:00+00:00,0
2024-07-29,22,22,22,0,0,False,2024-07-29 13:45:00+00:00,2024-07-29 19:00:00+00:00,0
2024-07-30,22,22,22,0,0,False,2024-07-30 13:45:00+00:00,2024-07-30 19:00:00+00:00,0
2024-07-31,22,22,22,0,0,False,2024-07-31 13:45:00+00:00,2024-07-31 19:00:00+00:00,0
2024-08-01,22,22,22,0,0,False,2024-08-01 13:45:00+00:00,2024-08-01 19:00:00+00:00,0
2024-08-02,22,22,22,0,0,False,2024-08-02 13:45:00+00:00,2024-08-02 19:00:00+00:00,0
2024-08-05,22,22,22,0,0,False,2024-08-05 13:45:00+00:00,2024-08-05 19:00:00+00:00,0
2024-08-06,22,22,22,0,0,False,2024-08-06 13:45:00+00:00,2024-08-06 19:00:00+00:00,0
2024-08-07,22,22,22,0,0,False,2024-08-07 13:45:00+00:00,2024-08-07 19:00:00+00:00,0
2024-08-08,22,22,22,0,0,False,2024-08-08 13:45:00+00:00,2024-08-08 19:00:00+00:00,0
2024-08-09,22,22,22,0,0,False,2024-08-09 13:45:00+00:00,2024-08-09 19:00:00+00:00,0
2024-08-12,22,22,22,0,0,False,2024-08-12 13:45:00+00:00,2024-08-12 19:00:00+00:00,0
2024-08-13,22,22,22,0,0,False,2024-08-13 13:45:00+00:00,2024-08-13 19:00:00+00:00,0
2024-08-14,22,22,22,0,0,False,2024-08-14 13:45:00+00:00,2024-08-14 19:00:00+00:00,0
2024-08-15,22,22,22,0,0,False,2024-08-15 13:45:00+00:00,2024-08-15 19:00:00+00:00,0
2024-08-16,22,22,22,0,0,False,2024-08-16 13:45:00+00:00,2024-08-16 19:00:00+00:00,0
2024-08-19,22,22,22,0,0,False,2024-08-19 13:45:00+00:00,2024-08-19 19:00:00+00:00,0
2024-08-20,22,22,22,0,0,False,2024-08-20 13:45:00+00:00,2024-08-20 19:00:00+00:00,0
2024-08-21,22,22,22,0,0,False,2024-08-21 13:45:00+00:00,2024-08-21 19:00:00+00:00,0
2024-08-22,22,22,22,0,0,False,2024-08-22 13:45:00+00:00,2024-08-22 19:00:00+00:00,0
2024-08-23,22,22,22,0,0,False,2024-08-23 13:45:00+00:00,2024-08-23 19:00:00+00:00,0
2024-08-26,22,22,22,0,0,False,2024-08-26 13:45:00+00:00,2024-08-26 19:00:00+00:00,0
2024-08-27,22,22,22,0,0,False,2024-08-27 13:45:00+00:00,2024-08-27 19:00:00+00:00,0
2024-08-28,22,22,22,0,0,False,2024-08-28 13:45:00+00:00,2024-08-28 19:00:00+00:00,0
2024-08-29,22,22,22,0,0,False,2024-08-29 13:45:00+00:00,2024-08-29 19:00:00+00:00,0
2024-08-30,22,22,22,0,0,False,2024-08-30 13:45:00+00:00,2024-08-30 19:00:00+00:00,0
2024-09-02,14,0,0,0,0,False,2024-09-02 13:45:00+00:00,2024-09-02 17:00:00+00:00,14
2024-09-03,22,22,22,0,0,False,2024-09-03 13:45:00+00:00,2024-09-03 19:00:00+00:00,0
2024-09-04,22,22,22,0,0,False,2024-09-04 13:45:00+00:00,2024-09-04 19:00:00+00:00,0
2024-09-05,22,22,22,0,0,False,2024-09-05 13:45:00+00:00,2024-09-05 19:00:00+00:00,0
2024-09-06,22,22,22,0,0,False,2024-09-06 13:45:00+00:00,2024-09-06 19:00:00+00:00,0
2024-09-09,22,22,22,0,0,False,2024-09-09 13:45:00+00:00,2024-09-09 19:00:00+00:00,0
2024-09-10,22,22,22,0,0,False,2024-09-10 13:45:00+00:00,2024-09-10 19:00:00+00:00,0
2024-09-11,22,22,22,0,0,False,2024-09-11 13:45:00+00:00,2024-09-11 19:00:00+00:00,0
2024-09-12,22,22,22,0,0,False,2024-09-12 13:45:00+00:00,2024-09-12 19:00:00+00:00,0
2024-09-13,22,22,22,0,0,False,2024-09-13 13:45:00+00:00,2024-09-13 19:00:00+00:00,0
2024-09-16,22,22,22,0,0,False,2024-09-16 13:45:00+00:00,2024-09-16 19:00:00+00:00,0
2024-09-17,22,22,22,0,0,False,2024-09-17 13:45:00+00:00,2024-09-17 19:00:00+00:00,0
2024-09-18,22,22,22,0,22,False,2024-09-18 13:45:00+00:00,2024-09-18 19:00:00+00:00,0
2024-09-19,22,22,22,0,0,False,2024-09-19 13:45:00+00:00,2024-09-19 19:00:00+00:00,0
2024-09-20,22,22,22,0,0,False,2024-09-20 13:45:00+00:00,2024-09-20 19:00:00+00:00,0
2024-09-23,22,22,22,0,0,False,2024-09-23 13:45:00+00:00,2024-09-23 19:00:00+00:00,0
2024-09-24,22,22,22,0,0,False,2024-09-24 13:45:00+00:00,2024-09-24 19:00:00+00:00,0
2024-09-25,22,22,22,0,0,False,2024-09-25 13:45:00+00:00,2024-09-25 19:00:00+00:00,0
2024-09-26,22,22,22,0,0,False,2024-09-26 13:45:00+00:00,2024-09-26 19:00:00+00:00,0
2024-09-27,22,22,22,0,0,False,2024-09-27 13:45:00+00:00,2024-09-27 19:00:00+00:00,0
2024-09-30,22,22,22,0,0,False,2024-09-30 13:45:00+00:00,2024-09-30 19:00:00+00:00,0
2024-10-01,22,22,22,0,0,False,2024-10-01 13:45:00+00:00,2024-10-01 19:00:00+00:00,0
2024-10-02,22,22,22,0,0,False,2024-10-02 13:45:00+00:00,2024-10-02 19:00:00+00:00,0
2024-10-03,22,22,22,0,0,False,2024-10-03 13:45:00+00:00,2024-10-03 19:00:00+00:00,0
2024-10-04,22,22,22,0,0,False,2024-10-04 13:45:00+00:00,2024-10-04 19:00:00+00:00,0
2024-10-07,22,22,22,0,0,False,2024-10-07 13:45:00+00:00,2024-10-07 19:00:00+00:00,0
2024-10-08,22,22,22,0,0,False,2024-10-08 13:45:00+00:00,2024-10-08 19:00:00+00:00,0
2024-10-09,22,22,22,0,0,False,2024-10-09 13:45:00+00:00,2024-10-09 19:00:00+00:00,0
2024-10-10,22,22,22,0,0,False,2024-10-10 13:45:00+00:00,2024-10-10 19:00:00+00:00,0
2024-10-11,22,22,22,0,0,False,2024-10-11 13:45:00+00:00,2024-10-11 19:00:00+00:00,0
2024-10-14,22,22,22,0,0,False,2024-10-14 13:45:00+00:00,2024-10-14 19:00:00+00:00,0
2024-10-15,22,22,22,0,0,False,2024-10-15 13:45:00+00:00,2024-10-15 19:00:00+00:00,0
2024-10-16,22,22,22,0,0,False,2024-10-16 13:45:00+00:00,2024-10-16 19:00:00+00:00,0
2024-10-17,22,22,22,0,0,False,2024-10-17 13:45:00+00:00,2024-10-17 19:00:00+00:00,0
2024-10-18,22,22,22,0,0,False,2024-10-18 13:45:00+00:00,2024-10-18 19:00:00+00:00,0
2024-10-21,22,22,22,0,0,False,2024-10-21 13:45:00+00:00,2024-10-21 19:00:00+00:00,0
2024-10-22,22,22,22,0,0,False,2024-10-22 13:45:00+00:00,2024-10-22 19:00:00+00:00,0
2024-10-23,22,22,22,0,0,False,2024-10-23 13:45:00+00:00,2024-10-23 19:00:00+00:00,0
2024-10-24,22,22,22,0,0,False,2024-10-24 13:45:00+00:00,2024-10-24 19:00:00+00:00,0
2024-10-25,22,22,22,0,0,False,2024-10-25 13:45:00+00:00,2024-10-25 19:00:00+00:00,0
2024-10-28,22,22,22,0,0,False,2024-10-28 13:45:00+00:00,2024-10-28 19:00:00+00:00,0
2024-10-29,22,22,22,0,0,False,2024-10-29 13:45:00+00:00,2024-10-29 19:00:00+00:00,0
2024-10-30,22,22,22,0,0,False,2024-10-30 13:45:00+00:00,2024-10-30 19:00:00+00:00,0
2024-10-31,22,22,22,0,0,False,2024-10-31 13:45:00+00:00,2024-10-31 19:00:00+00:00,0
2024-11-01,22,22,22,0,0,False,2024-11-01 13:45:00+00:00,2024-11-01 19:00:00+00:00,0
2024-11-04,22,22,22,0,0,False,2024-11-04 14:45:00+00:00,2024-11-04 20:00:00+00:00,0
2024-11-05,22,22,22,0,0,False,2024-11-05 14:45:00+00:00,2024-11-05 20:00:00+00:00,0
2024-11-06,22,22,22,0,0,False,2024-11-06 14:45:00+00:00,2024-11-06 20:00:00+00:00,0
2024-11-07,22,22,22,0,0,False,2024-11-07 14:45:00+00:00,2024-11-07 20:00:00+00:00,0
2024-11-08,22,22,22,0,0,False,2024-11-08 14:45:00+00:00,2024-11-08 20:00:00+00:00,0
2024-11-11,22,22,22,0,0,False,2024-11-11 14:45:00+00:00,2024-11-11 20:00:00+00:00,0
2024-11-12,22,22,22,0,0,False,2024-11-12 14:45:00+00:00,2024-11-12 20:00:00+00:00,0
2024-11-13,22,22,22,0,0,False,2024-11-13 14:45:00+00:00,2024-11-13 20:00:00+00:00,0
2024-11-14,22,22,22,0,0,False,2024-11-14 14:45:00+00:00,2024-11-14 20:00:00+00:00,0
2024-11-15,22,22,22,0,0,False,2024-11-15 14:45:00+00:00,2024-11-15 20:00:00+00:00,0
2024-11-18,22,22,22,0,0,False,2024-11-18 14:45:00+00:00,2024-11-18 20:00:00+00:00,0
2024-11-19,22,22,22,0,0,False,2024-11-19 14:45:00+00:00,2024-11-19 20:00:00+00:00,0
2024-11-20,22,22,22,0,0,False,2024-11-20 14:45:00+00:00,2024-11-20 20:00:00+00:00,0
2024-11-21,22,22,22,0,0,False,2024-11-21 14:45:00+00:00,2024-11-21 20:00:00+00:00,0
2024-11-22,22,22,22,0,0,False,2024-11-22 14:45:00+00:00,2024-11-22 20:00:00+00:00,0
2024-11-25,22,22,22,0,0,False,2024-11-25 14:45:00+00:00,2024-11-25 20:00:00+00:00,0
2024-11-26,22,22,22,0,0,False,2024-11-26 14:45:00+00:00,2024-11-26 20:00:00+00:00,0
2024-11-27,22,22,22,0,0,False,2024-11-27 14:45:00+00:00,2024-11-27 20:00:00+00:00,0
2024-11-28,14,0,0,0,0,False,2024-11-28 14:45:00+00:00,2024-11-28 18:00:00+00:00,14
2024-11-29,15,15,10,0,0,True,2024-11-29 14:45:00+00:00,2024-11-29 18:15:00+00:00,5
2024-12-02,22,22,22,0,0,False,2024-12-02 14:45:00+00:00,2024-12-02 20:00:00+00:00,0
2024-12-03,22,22,22,0,0,False,2024-12-03 14:45:00+00:00,2024-12-03 20:00:00+00:00,0
2024-12-04,22,22,22,0,0,False,2024-12-04 14:45:00+00:00,2024-12-04 20:00:00+00:00,0
2024-12-05,22,22,22,0,0,False,2024-12-05 14:45:00+00:00,2024-12-05 20:00:00+00:00,0
2024-12-06,22,22,22,0,0,False,2024-12-06 14:45:00+00:00,2024-12-06 20:00:00+00:00,0
2024-12-09,22,22,22,0,0,False,2024-12-09 14:45:00+00:00,2024-12-09 20:00:00+00:00,0
2024-12-10,22,22,22,0,0,False,2024-12-10 14:45:00+00:00,2024-12-10 20:00:00+00:00,0
2024-12-11,22,22,22,0,0,False,2024-12-11 14:45:00+00:00,2024-12-11 20:00:00+00:00,0
2024-12-12,22,22,22,0,0,False,2024-12-12 14:45:00+00:00,2024-12-12 20:00:00+00:00,0
2024-12-13,22,22,22,0,0,False,2024-12-13 14:45:00+00:00,2024-12-13 20:00:00+00:00,0
2024-12-16,22,22,22,0,0,False,2024-12-16 14:45:00+00:00,2024-12-16 20:00:00+00:00,0
2024-12-17,22,22,22,0,0,False,2024-12-17 14:45:00+00:00,2024-12-17 20:00:00+00:00,0
2024-12-18,22,22,22,0,0,False,2024-12-18 14:45:00+00:00,2024-12-18 20:00:00+00:00,0
2024-12-19,22,22,22,0,0,False,2024-12-19 14:45:00+00:00,2024-12-19 20:00:00+00:00,0
2024-12-20,22,22,22,0,0,False,2024-12-20 14:45:00+00:00,2024-12-20 20:00:00+00:00,0
2024-12-23,22,22,22,0,0,False,2024-12-23 14:45:00+00:00,2024-12-23 20:00:00+00:00,0
2024-12-24,15,15,10,0,0,True,2024-12-24 14:45:00+00:00,2024-12-24 18:15:00+00:00,5
2024-12-26,22,22,22,0,0,False,2024-12-26 14:45:00+00:00,2024-12-26 20:00:00+00:00,0
2024-12-27,22,22,22,0,0,False,2024-12-27 14:45:00+00:00,2024-12-27 20:00:00+00:00,0
2024-12-30,22,22,22,0,0,False,2024-12-30 14:45:00+00:00,2024-12-30 20:00:00+00:00,0
2024-12-31,22,22,22,0,0,False,2024-12-31 14:45:00+00:00,2024-12-31 20:00:00+00:00,0
2025-01-02,22,22,22,0,0,False,2025-01-02 14:45:00+00:00,2025-01-02 20:00:00+00:00,0
2025-01-03,22,22,22,0,0,False,2025-01-03 14:45:00+00:00,2025-01-03 20:00:00+00:00,0
2025-01-06,22,22,22,0,0,False,2025-01-06 14:45:00+00:00,2025-01-06 20:00:00+00:00,0
2025-01-07,22,22,22,0,0,False,2025-01-07 14:45:00+00:00,2025-01-07 20:00:00+00:00,0
2025-01-08,22,22,22,0,0,False,2025-01-08 14:45:00+00:00,2025-01-08 20:00:00+00:00,0
2025-01-10,22,22,22,0,0,False,2025-01-10 14:45:00+00:00,2025-01-10 20:00:00+00:00,0
2025-01-13,22,22,22,0,0,False,2025-01-13 14:45:00+00:00,2025-01-13 20:00:00+00:00,0
2025-01-14,22,22,22,0,0,False,2025-01-14 14:45:00+00:00,2025-01-14 20:00:00+00:00,0
2025-01-15,22,22,22,0,0,False,2025-01-15 14:45:00+00:00,2025-01-15 20:00:00+00:00,0
2025-01-16,22,22,22,0,0,False,2025-01-16 14:45:00+00:00,2025-01-16 20:00:00+00:00,0
2025-01-17,22,22,22,0,0,False,2025-01-17 14:45:00+00:00,2025-01-17 20:00:00+00:00,0
2025-01-20,14,0,0,0,0,False,2025-01-20 14:45:00+00:00,2025-01-20 18:00:00+00:00,14
2025-01-21,22,22,22,0,0,False,2025-01-21 14:45:00+00:00,2025-01-21 20:00:00+00:00,0
2025-01-22,22,22,22,0,0,False,2025-01-22 14:45:00+00:00,2025-01-22 20:00:00+00:00,0
2025-01-23,22,22,22,0,0,False,2025-01-23 14:45:00+00:00,2025-01-23 20:00:00+00:00,0
2025-01-24,22,22,22,0,0,False,2025-01-24 14:45:00+00:00,2025-01-24 20:00:00+00:00,0
2025-01-27,22,22,22,0,0,False,2025-01-27 14:45:00+00:00,2025-01-27 20:00:00+00:00,0
2025-01-28,22,22,22,0,0,False,2025-01-28 14:45:00+00:00,2025-01-28 20:00:00+00:00,0
2025-01-29,22,22,22,0,0,False,2025-01-29 14:45:00+00:00,2025-01-29 20:00:00+00:00,0
2025-01-30,22,22,22,0,0,False,2025-01-30 14:45:00+00:00,2025-01-30 20:00:00+00:00,0
2025-01-31,22,22,22,0,0,False,2025-01-31 14:45:00+00:00,2025-01-31 20:00:00+00:00,0
2025-02-03,22,22,22,0,0,False,2025-02-03 14:45:00+00:00,2025-02-03 20:00:00+00:00,0
2025-02-04,22,22,22,0,0,False,2025-02-04 14:45:00+00:00,2025-02-04 20:00:00+00:00,0
2025-02-05,22,22,22,0,0,False,2025-02-05 14:45:00+00:00,2025-02-05 20:00:00+00:00,0
2025-02-06,22,22,22,0,0,False,2025-02-06 14:45:00+00:00,2025-02-06 20:00:00+00:00,0
2025-02-07,22,22,22,0,0,False,2025-02-07 14:45:00+00:00,2025-02-07 20:00:00+00:00,0
2025-02-10,22,22,22,0,0,False,2025-02-10 14:45:00+00:00,2025-02-10 20:00:00+00:00,0
2025-02-11,22,22,22,0,0,False,2025-02-11 14:45:00+00:00,2025-02-11 20:00:00+00:00,0
2025-02-12,22,22,22,0,0,False,2025-02-12 14:45:00+00:00,2025-02-12 20:00:00+00:00,0
2025-02-13,22,22,22,0,0,False,2025-02-13 14:45:00+00:00,2025-02-13 20:00:00+00:00,0
2025-02-14,22,22,22,0,0,False,2025-02-14 14:45:00+00:00,2025-02-14 20:00:00+00:00,0
2025-02-17,14,0,0,0,0,False,2025-02-17 14:45:00+00:00,2025-02-17 18:00:00+00:00,14
2025-02-18,22,22,22,0,0,False,2025-02-18 14:45:00+00:00,2025-02-18 20:00:00+00:00,0
2025-02-19,22,22,22,0,0,False,2025-02-19 14:45:00+00:00,2025-02-19 20:00:00+00:00,0
2025-02-20,22,22,22,0,0,False,2025-02-20 14:45:00+00:00,2025-02-20 20:00:00+00:00,0
2025-02-21,22,22,22,0,0,False,2025-02-21 14:45:00+00:00,2025-02-21 20:00:00+00:00,0
2025-02-24,22,22,22,0,0,False,2025-02-24 14:45:00+00:00,2025-02-24 20:00:00+00:00,0
2025-02-25,22,22,22,0,0,False,2025-02-25 14:45:00+00:00,2025-02-25 20:00:00+00:00,0
2025-02-26,22,22,22,0,0,False,2025-02-26 14:45:00+00:00,2025-02-26 20:00:00+00:00,0
2025-02-27,22,22,22,0,0,False,2025-02-27 14:45:00+00:00,2025-02-27 20:00:00+00:00,0
2025-02-28,22,22,22,0,0,False,2025-02-28 14:45:00+00:00,2025-02-28 20:00:00+00:00,0
2025-03-03,22,22,22,0,0,False,2025-03-03 14:45:00+00:00,2025-03-03 20:00:00+00:00,0
2025-03-04,22,22,22,0,0,False,2025-03-04 14:45:00+00:00,2025-03-04 20:00:00+00:00,0
2025-03-05,22,22,22,0,0,False,2025-03-05 14:45:00+00:00,2025-03-05 20:00:00+00:00,0
2025-03-06,22,22,22,0,0,False,2025-03-06 14:45:00+00:00,2025-03-06 20:00:00+00:00,0
2025-03-07,22,22,22,0,0,False,2025-03-07 14:45:00+00:00,2025-03-07 20:00:00+00:00,0
2025-03-10,22,22,22,0,0,False,2025-03-10 13:45:00+00:00,2025-03-10 19:00:00+00:00,0
2025-03-11,22,22,22,0,0,False,2025-03-11 13:45:00+00:00,2025-03-11 19:00:00+00:00,0
2025-03-12,22,22,22,0,0,False,2025-03-12 13:45:00+00:00,2025-03-12 19:00:00+00:00,0
2025-03-13,22,22,22,0,0,False,2025-03-13 13:45:00+00:00,2025-03-13 19:00:00+00:00,0
2025-03-14,22,22,22,0,0,False,2025-03-14 13:45:00+00:00,2025-03-14 19:00:00+00:00,0
2025-03-17,22,22,22,0,0,False,2025-03-17 13:45:00+00:00,2025-03-17 19:00:00+00:00,0
2025-03-18,22,22,22,0,0,False,2025-03-18 13:45:00+00:00,2025-03-18 19:00:00+00:00,0
2025-03-19,22,22,22,0,0,False,2025-03-19 13:45:00+00:00,2025-03-19 19:00:00+00:00,0
2025-03-20,22,22,22,0,0,False,2025-03-20 13:45:00+00:00,2025-03-20 19:00:00+00:00,0
2025-03-21,22,22,22,0,0,False,2025-03-21 13:45:00+00:00,2025-03-21 19:00:00+00:00,0
2025-03-24,22,22,22,0,0,False,2025-03-24 13:45:00+00:00,2025-03-24 19:00:00+00:00,0
2025-03-25,22,22,22,0,0,False,2025-03-25 13:45:00+00:00,2025-03-25 19:00:00+00:00,0
2025-03-26,22,22,22,0,0,False,2025-03-26 13:45:00+00:00,2025-03-26 19:00:00+00:00,0
2025-03-27,22,22,22,0,0,False,2025-03-27 13:45:00+00:00,2025-03-27 19:00:00+00:00,0
2025-03-28,22,22,22,0,0,False,2025-03-28 13:45:00+00:00,2025-03-28 19:00:00+00:00,0
2025-03-31,22,22,22,0,0,False,2025-03-31 13:45:00+00:00,2025-03-31 19:00:00+00:00,0
2025-04-01,22,22,22,0,0,False,2025-04-01 13:45:00+00:00,2025-04-01 19:00:00+00:00,0
2025-04-02,22,22,22,0,0,False,2025-04-02 13:45:00+00:00,2025-04-02 19:00:00+00:00,0
2025-04-03,22,22,22,0,0,False,2025-04-03 13:45:00+00:00,2025-04-03 19:00:00+00:00,0
2025-04-04,22,22,22,0,0,False,2025-04-04 13:45:00+00:00,2025-04-04 19:00:00+00:00,0
2025-04-07,22,22,22,0,0,False,2025-04-07 13:45:00+00:00,2025-04-07 19:00:00+00:00,0
2025-04-08,22,22,22,0,0,False,2025-04-08 13:45:00+00:00,2025-04-08 19:00:00+00:00,0
2025-04-09,22,22,22,0,0,False,2025-04-09 13:45:00+00:00,2025-04-09 19:00:00+00:00,0
2025-04-10,22,22,22,0,0,False,2025-04-10 13:45:00+00:00,2025-04-10 19:00:00+00:00,0
2025-04-11,22,22,22,0,0,False,2025-04-11 13:45:00+00:00,2025-04-11 19:00:00+00:00,0
2025-04-14,22,22,22,0,0,False,2025-04-14 13:45:00+00:00,2025-04-14 19:00:00+00:00,0
2025-04-15,22,22,22,0,0,False,2025-04-15 13:45:00+00:00,2025-04-15 19:00:00+00:00,0
2025-04-16,22,22,22,0,0,False,2025-04-16 13:45:00+00:00,2025-04-16 19:00:00+00:00,0
2025-04-17,22,22,22,0,0,False,2025-04-17 13:45:00+00:00,2025-04-17 19:00:00+00:00,0
2025-04-21,22,22,22,0,0,False,2025-04-21 13:45:00+00:00,2025-04-21 19:00:00+00:00,0
2025-04-22,22,22,22,0,0,False,2025-04-22 13:45:00+00:00,2025-04-22 19:00:00+00:00,0
2025-04-23,22,22,22,0,0,False,2025-04-23 13:45:00+00:00,2025-04-23 19:00:00+00:00,0
2025-04-24,22,22,22,0,0,False,2025-04-24 13:45:00+00:00,2025-04-24 19:00:00+00:00,0
2025-04-25,22,22,22,0,0,False,2025-04-25 13:45:00+00:00,2025-04-25 19:00:00+00:00,0
2025-04-28,22,22,22,0,0,False,2025-04-28 13:45:00+00:00,2025-04-28 19:00:00+00:00,0
2025-04-29,22,22,22,0,0,False,2025-04-29 13:45:00+00:00,2025-04-29 19:00:00+00:00,0
2025-04-30,22,22,22,0,0,False,2025-04-30 13:45:00+00:00,2025-04-30 19:00:00+00:00,0
2025-05-01,22,22,22,0,0,False,2025-05-01 13:45:00+00:00,2025-05-01 19:00:00+00:00,0
2025-05-02,22,22,22,0,0,False,2025-05-02 13:45:00+00:00,2025-05-02 19:00:00+00:00,0
2025-05-05,22,22,22,0,0,False,2025-05-05 13:45:00+00:00,2025-05-05 19:00:00+00:00,0
2025-05-06,22,22,22,0,0,False,2025-05-06 13:45:00+00:00,2025-05-06 19:00:00+00:00,0
2025-05-07,22,22,22,0,0,False,2025-05-07 13:45:00+00:00,2025-05-07 19:00:00+00:00,0
2025-05-08,22,22,22,0,0,False,2025-05-08 13:45:00+00:00,2025-05-08 19:00:00+00:00,0
2025-05-09,22,22,22,0,0,False,2025-05-09 13:45:00+00:00,2025-05-09 19:00:00+00:00,0
2025-05-12,22,22,22,0,0,False,2025-05-12 13:45:00+00:00,2025-05-12 19:00:00+00:00,0
2025-05-13,22,22,22,0,0,False,2025-05-13 13:45:00+00:00,2025-05-13 19:00:00+00:00,0
2025-05-14,22,22,22,0,0,False,2025-05-14 13:45:00+00:00,2025-05-14 19:00:00+00:00,0
2025-05-15,22,22,22,0,0,False,2025-05-15 13:45:00+00:00,2025-05-15 19:00:00+00:00,0
2025-05-16,22,22,22,0,0,False,2025-05-16 13:45:00+00:00,2025-05-16 19:00:00+00:00,0
2025-05-19,22,22,22,0,0,False,2025-05-19 13:45:00+00:00,2025-05-19 19:00:00+00:00,0
2025-05-20,22,22,22,0,0,False,2025-05-20 13:45:00+00:00,2025-05-20 19:00:00+00:00,0
2025-05-21,22,22,22,0,0,False,2025-05-21 13:45:00+00:00,2025-05-21 19:00:00+00:00,0
2025-05-22,22,22,22,0,0,False,2025-05-22 13:45:00+00:00,2025-05-22 19:00:00+00:00,0
2025-05-23,22,22,22,0,0,False,2025-05-23 13:45:00+00:00,2025-05-23 19:00:00+00:00,0
2025-05-26,14,0,0,0,0,False,2025-05-26 13:45:00+00:00,2025-05-26 17:00:00+00:00,14
2025-05-27,22,22,22,0,0,False,2025-05-27 13:45:00+00:00,2025-05-27 19:00:00+00:00,0
2025-05-28,22,22,22,0,0,False,2025-05-28 13:45:00+00:00,2025-05-28 19:00:00+00:00,0
2025-05-29,22,22,22,0,0,False,2025-05-29 13:45:00+00:00,2025-05-29 19:00:00+00:00,0
2025-05-30,22,22,22,0,0,False,2025-05-30 13:45:00+00:00,2025-05-30 19:00:00+00:00,0
2025-06-02,22,22,22,0,0,False,2025-06-02 13:45:00+00:00,2025-06-02 19:00:00+00:00,0
2025-06-03,22,22,22,0,0,False,2025-06-03 13:45:00+00:00,2025-06-03 19:00:00+00:00,0
2025-06-04,22,22,22,0,0,False,2025-06-04 13:45:00+00:00,2025-06-04 19:00:00+00:00,0
2025-06-05,22,22,22,0,0,False,2025-06-05 13:45:00+00:00,2025-06-05 19:00:00+00:00,0
2025-06-06,22,22,22,0,0,False,2025-06-06 13:45:00+00:00,2025-06-06 19:00:00+00:00,0
2025-06-09,22,22,22,0,0,False,2025-06-09 13:45:00+00:00,2025-06-09 19:00:00+00:00,0
2025-06-10,22,22,22,0,0,False,2025-06-10 13:45:00+00:00,2025-06-10 19:00:00+00:00,0
2025-06-11,22,22,22,0,0,False,2025-06-11 13:45:00+00:00,2025-06-11 19:00:00+00:00,0
2025-06-12,22,22,22,0,0,False,2025-06-12 13:45:00+00:00,2025-06-12 19:00:00+00:00,0
2025-06-13,22,22,22,0,0,False,2025-06-13 13:45:00+00:00,2025-06-13 19:00:00+00:00,0
2025-06-16,22,22,22,0,0,False,2025-06-16 13:45:00+00:00,2025-06-16 19:00:00+00:00,0
2025-06-17,22,22,22,0,0,False,2025-06-17 13:45:00+00:00,2025-06-17 19:00:00+00:00,0
2025-06-18,22,22,22,0,0,False,2025-06-18 13:45:00+00:00,2025-06-18 19:00:00+00:00,0
2025-06-19,14,0,0,0,0,False,2025-06-19 13:45:00+00:00,2025-06-19 17:00:00+00:00,14
2025-06-20,22,22,22,0,0,False,2025-06-20 13:45:00+00:00,2025-06-20 19:00:00+00:00,0
2025-06-23,22,22,22,0,0,False,2025-06-23 13:45:00+00:00,2025-06-23 19:00:00+00:00,0
2025-06-24,22,22,22,0,0,False,2025-06-24 13:45:00+00:00,2025-06-24 19:00:00+00:00,0
2025-06-25,22,22,22,0,0,False,2025-06-25 13:45:00+00:00,2025-06-25 19:00:00+00:00,0
2025-06-26,22,22,22,0,0,False,2025-06-26 13:45:00+00:00,2025-06-26 19:00:00+00:00,0
2025-06-27,22,22,22,0,0,False,2025-06-27 13:45:00+00:00,2025-06-27 19:00:00+00:00,0
2025-06-30,22,22,22,0,0,False,2025-06-30 13:45:00+00:00,2025-06-30 19:00:00+00:00,0
2025-07-01,22,22,22,0,0,False,2025-07-01 13:45:00+00:00,2025-07-01 19:00:00+00:00,0
2025-07-02,22,22,22,0,0,False,2025-07-02 13:45:00+00:00,2025-07-02 19:00:00+00:00,0
2025-07-03,15,15,10,0,0,True,2025-07-03 13:45:00+00:00,2025-07-03 17:15:00+00:00,5
2025-07-04,14,0,0,0,0,False,2025-07-04 13:45:00+00:00,2025-07-04 17:00:00+00:00,14
2025-07-07,22,22,22,0,0,False,2025-07-07 13:45:00+00:00,2025-07-07 19:00:00+00:00,0
2025-07-08,22,22,22,0,0,False,2025-07-08 13:45:00+00:00,2025-07-08 19:00:00+00:00,0
2025-07-09,22,22,22,0,0,False,2025-07-09 13:45:00+00:00,2025-07-09 19:00:00+00:00,0
2025-07-10,22,22,22,0,0,False,2025-07-10 13:45:00+00:00,2025-07-10 19:00:00+00:00,0
2025-07-11,22,22,22,0,0,False,2025-07-11 13:45:00+00:00,2025-07-11 19:00:00+00:00,0
2025-07-14,22,22,22,0,0,False,2025-07-14 13:45:00+00:00,2025-07-14 19:00:00+00:00,0
2025-07-15,22,22,22,0,0,False,2025-07-15 13:45:00+00:00,2025-07-15 19:00:00+00:00,0
2025-07-16,22,22,22,0,0,False,2025-07-16 13:45:00+00:00,2025-07-16 19:00:00+00:00,0
2025-07-17,22,22,22,0,0,False,2025-07-17 13:45:00+00:00,2025-07-17 19:00:00+00:00,0
2025-07-18,22,22,22,0,0,False,2025-07-18 13:45:00+00:00,2025-07-18 19:00:00+00:00,0
2025-07-21,22,22,22,0,0,False,2025-07-21 13:45:00+00:00,2025-07-21 19:00:00+00:00,0
2025-07-22,22,22,22,0,0,False,2025-07-22 13:45:00+00:00,2025-07-22 19:00:00+00:00,0
2025-07-23,22,22,22,0,0,False,2025-07-23 13:45:00+00:00,2025-07-23 19:00:00+00:00,0
2025-07-24,22,22,22,0,0,False,2025-07-24 13:45:00+00:00,2025-07-24 19:00:00+00:00,0
2025-07-25,22,22,22,0,0,False,2025-07-25 13:45:00+00:00,2025-07-25 19:00:00+00:00,0
2025-07-28,22,22,22,0,0,False,2025-07-28 13:45:00+00:00,2025-07-28 19:00:00+00:00,0
2025-07-29,22,22,22,0,0,False,2025-07-29 13:45:00+00:00,2025-07-29 19:00:00+00:00,0
2025-07-30,22,22,22,0,0,False,2025-07-30 13:45:00+00:00,2025-07-30 19:00:00+00:00,0
2025-07-31,22,22,22,0,0,False,2025-07-31 13:45:00+00:00,2025-07-31 19:00:00+00:00,0
2025-08-01,22,22,22,0,0,False,2025-08-01 13:45:00+00:00,2025-08-01 19:00:00+00:00,0
2025-08-04,22,22,22,0,0,False,2025-08-04 13:45:00+00:00,2025-08-04 19:00:00+00:00,0
2025-08-05,22,22,22,0,0,False,2025-08-05 13:45:00+00:00,2025-08-05 19:00:00+00:00,0
2025-08-06,22,22,22,0,0,False,2025-08-06 13:45:00+00:00,2025-08-06 19:00:00+00:00,0
2025-08-07,22,22,22,0,0,False,2025-08-07 13:45:00+00:00,2025-08-07 19:00:00+00:00,0
2025-08-08,22,22,22,0,0,False,2025-08-08 13:45:00+00:00,2025-08-08 19:00:00+00:00,0
2025-08-11,22,22,22,0,0,False,2025-08-11 13:45:00+00:00,2025-08-11 19:00:00+00:00,0
2025-08-12,22,22,22,0,0,False,2025-08-12 13:45:00+00:00,2025-08-12 19:00:00+00:00,0
2025-08-13,22,22,22,0,0,False,2025-08-13 13:45:00+00:00,2025-08-13 19:00:00+00:00,0
2025-08-14,22,22,22,0,0,False,2025-08-14 13:45:00+00:00,2025-08-14 19:00:00+00:00,0
2025-08-15,22,22,22,0,0,False,2025-08-15 13:45:00+00:00,2025-08-15 19:00:00+00:00,0
2025-08-18,22,22,22,0,0,False,2025-08-18 13:45:00+00:00,2025-08-18 19:00:00+00:00,0
2025-08-19,22,22,22,0,0,False,2025-08-19 13:45:00+00:00,2025-08-19 19:00:00+00:00,0
2025-08-20,22,22,22,0,0,False,2025-08-20 13:45:00+00:00,2025-08-20 19:00:00+00:00,0
2025-08-21,22,22,22,0,0,False,2025-08-21 13:45:00+00:00,2025-08-21 19:00:00+00:00,0
2025-08-22,22,22,22,0,0,False,2025-08-22 13:45:00+00:00,2025-08-22 19:00:00+00:00,0
2025-08-25,22,22,22,0,0,False,2025-08-25 13:45:00+00:00,2025-08-25 19:00:00+00:00,0
2025-08-26,22,22,22,0,0,False,2025-08-26 13:45:00+00:00,2025-08-26 19:00:00+00:00,0
2025-08-27,22,22,22,0,0,False,2025-08-27 13:45:00+00:00,2025-08-27 19:00:00+00:00,0
2025-08-28,22,22,22,0,0,False,2025-08-28 13:45:00+00:00,2025-08-28 19:00:00+00:00,0
2025-08-29,22,22,22,0,0,False,2025-08-29 13:45:00+00:00,2025-08-29 19:00:00+00:00,0
2025-09-01,14,0,0,0,0,False,2025-09-01 13:45:00+00:00,2025-09-01 17:00:00+00:00,14
2025-09-02,22,22,22,0,0,False,2025-09-02 13:45:00+00:00,2025-09-02 19:00:00+00:00,0
2025-09-03,22,22,22,0,0,False,2025-09-03 13:45:00+00:00,2025-09-03 19:00:00+00:00,0
2025-09-04,22,22,22,0,0,False,2025-09-04 13:45:00+00:00,2025-09-04 19:00:00+00:00,0
2025-09-05,22,22,22,0,0,False,2025-09-05 13:45:00+00:00,2025-09-05 19:00:00+00:00,0
2025-09-08,22,22,22,0,0,False,2025-09-08 13:45:00+00:00,2025-09-08 19:00:00+00:00,0
2025-09-09,22,22,22,0,0,False,2025-09-09 13:45:00+00:00,2025-09-09 19:00:00+00:00,0
2025-09-10,22,22,22,0,0,False,2025-09-10 13:45:00+00:00,2025-09-10 19:00:00+00:00,0
2025-09-11,22,22,22,0,0,False,2025-09-11 13:45:00+00:00,2025-09-11 19:00:00+00:00,0
2025-09-12,22,22,22,0,0,False,2025-09-12 13:45:00+00:00,2025-09-12 19:00:00+00:00,0
2025-09-15,22,22,22,0,0,False,2025-09-15 13:45:00+00:00,2025-09-15 19:00:00+00:00,0
2025-09-16,22,22,22,0,0,False,2025-09-16 13:45:00+00:00,2025-09-16 19:00:00+00:00,0
2025-09-17,22,22,22,0,22,False,2025-09-17 13:45:00+00:00,2025-09-17 19:00:00+00:00,0
2025-09-18,22,22,22,0,0,False,2025-09-18 13:45:00+00:00,2025-09-18 19:00:00+00:00,0
2025-09-19,22,22,22,0,0,False,2025-09-19 13:45:00+00:00,2025-09-19 19:00:00+00:00,0
2025-09-22,22,22,22,0,0,False,2025-09-22 13:45:00+00:00,2025-09-22 19:00:00+00:00,0
2025-09-23,22,22,22,0,0,False,2025-09-23 13:45:00+00:00,2025-09-23 19:00:00+00:00,0
2025-09-24,22,22,22,0,22,False,2025-09-24 13:45:00+00:00,2025-09-24 19:00:00+00:00,0
2025-09-25,22,22,22,0,0,False,2025-09-25 13:45:00+00:00,2025-09-25 19:00:00+00:00,0
2025-09-26,22,22,22,0,0,False,2025-09-26 13:45:00+00:00,2025-09-26 19:00:00+00:00,0
2025-09-29,22,22,22,0,0,False,2025-09-29 13:45:00+00:00,2025-09-29 19:00:00+00:00,0
2025-09-30,22,22,22,0,0,False,2025-09-30 13:45:00+00:00,2025-09-30 19:00:00+00:00,0
2025-10-01,22,22,22,0,0,False,2025-10-01 13:45:00+00:00,2025-10-01 19:00:00+00:00,0
2025-10-02,22,22,22,0,0,False,2025-10-02 13:45:00+00:00,2025-10-02 19:00:00+00:00,0
2025-10-03,22,22,22,0,0,False,2025-10-03 13:45:00+00:00,2025-10-03 19:00:00+00:00,0
2025-10-06,22,22,22,0,0,False,2025-10-06 13:45:00+00:00,2025-10-06 19:00:00+00:00,0
2025-10-07,22,22,22,0,0,False,2025-10-07 13:45:00+00:00,2025-10-07 19:00:00+00:00,0
2025-10-08,22,22,22,0,0,False,2025-10-08 13:45:00+00:00,2025-10-08 19:00:00+00:00,0
2025-10-09,22,22,22,0,0,False,2025-10-09 13:45:00+00:00,2025-10-09 19:00:00+00:00,0
2025-10-10,22,22,22,0,0,False,2025-10-10 13:45:00+00:00,2025-10-10 19:00:00+00:00,0
2025-10-13,22,22,22,0,0,False,2025-10-13 13:45:00+00:00,2025-10-13 19:00:00+00:00,0
2025-10-14,22,22,22,0,0,False,2025-10-14 13:45:00+00:00,2025-10-14 19:00:00+00:00,0
2025-10-15,22,22,22,0,0,False,2025-10-15 13:45:00+00:00,2025-10-15 19:00:00+00:00,0
2025-10-16,22,22,22,0,0,False,2025-10-16 13:45:00+00:00,2025-10-16 19:00:00+00:00,0
2025-10-17,22,22,22,0,0,False,2025-10-17 13:45:00+00:00,2025-10-17 19:00:00+00:00,0
2025-10-20,22,22,22,0,0,False,2025-10-20 13:45:00+00:00,2025-10-20 19:00:00+00:00,0
2025-10-21,22,22,22,0,0,False,2025-10-21 13:45:00+00:00,2025-10-21 19:00:00+00:00,0
2025-10-22,22,22,22,0,0,False,2025-10-22 13:45:00+00:00,2025-10-22 19:00:00+00:00,0
2025-10-23,22,22,22,0,0,False,2025-10-23 13:45:00+00:00,2025-10-23 19:00:00+00:00,0
2025-10-24,22,22,22,0,0,False,2025-10-24 13:45:00+00:00,2025-10-24 19:00:00+00:00,0
2025-10-27,22,22,22,0,0,False,2025-10-27 13:45:00+00:00,2025-10-27 19:00:00+00:00,0
2025-10-28,22,22,22,0,0,False,2025-10-28 13:45:00+00:00,2025-10-28 19:00:00+00:00,0
2025-10-29,22,22,22,0,0,False,2025-10-29 13:45:00+00:00,2025-10-29 19:00:00+00:00,0
2025-10-30,22,22,22,0,0,False,2025-10-30 13:45:00+00:00,2025-10-30 19:00:00+00:00,0
2025-10-31,22,22,22,0,0,False,2025-10-31 13:45:00+00:00,2025-10-31 19:00:00+00:00,0
2025-11-03,22,22,22,0,0,False,2025-11-03 14:45:00+00:00,2025-11-03 20:00:00+00:00,0
2025-11-04,22,22,22,0,0,False,2025-11-04 14:45:00+00:00,2025-11-04 20:00:00+00:00,0
2025-11-05,22,22,22,0,0,False,2025-11-05 14:45:00+00:00,2025-11-05 20:00:00+00:00,0
2025-11-06,22,22,22,0,0,False,2025-11-06 14:45:00+00:00,2025-11-06 20:00:00+00:00,0
2025-11-07,22,22,22,0,0,False,2025-11-07 14:45:00+00:00,2025-11-07 20:00:00+00:00,0
2025-11-10,22,22,22,0,0,False,2025-11-10 14:45:00+00:00,2025-11-10 20:00:00+00:00,0
2025-11-11,22,22,22,0,0,False,2025-11-11 14:45:00+00:00,2025-11-11 20:00:00+00:00,0
2025-11-12,22,22,22,0,0,False,2025-11-12 14:45:00+00:00,2025-11-12 20:00:00+00:00,0
2025-11-13,22,22,22,0,0,False,2025-11-13 14:45:00+00:00,2025-11-13 20:00:00+00:00,0
2025-11-14,22,22,22,0,0,False,2025-11-14 14:45:00+00:00,2025-11-14 20:00:00+00:00,0
2025-11-17,22,22,22,0,0,False,2025-11-17 14:45:00+00:00,2025-11-17 20:00:00+00:00,0
2025-11-18,22,22,22,0,0,False,2025-11-18 14:45:00+00:00,2025-11-18 20:00:00+00:00,0
2025-11-19,22,22,22,0,0,False,2025-11-19 14:45:00+00:00,2025-11-19 20:00:00+00:00,0
2025-11-20,22,22,22,0,0,False,2025-11-20 14:45:00+00:00,2025-11-20 20:00:00+00:00,0
2025-11-21,22,22,22,0,0,False,2025-11-21 14:45:00+00:00,2025-11-21 20:00:00+00:00,0
2025-11-24,22,22,22,0,0,False,2025-11-24 14:45:00+00:00,2025-11-24 20:00:00+00:00,0
2025-11-25,22,22,22,0,0,False,2025-11-25 14:45:00+00:00,2025-11-25 20:00:00+00:00,0
2025-11-26,22,22,22,0,0,False,2025-11-26 14:45:00+00:00,2025-11-26 20:00:00+00:00,0
2025-11-27,14,0,0,0,0,False,2025-11-27 14:45:00+00:00,2025-11-27 18:00:00+00:00,14
2025-11-28,15,15,10,0,15,True,2025-11-28 14:45:00+00:00,2025-11-28 18:15:00+00:00,5
2025-12-01,22,22,22,0,0,False,2025-12-01 14:45:00+00:00,2025-12-01 20:00:00+00:00,0
2025-12-02,22,22,22,0,0,False,2025-12-02 14:45:00+00:00,2025-12-02 20:00:00+00:00,0
2025-12-03,22,22,22,0,0,False,2025-12-03 14:45:00+00:00,2025-12-03 20:00:00+00:00,0
2025-12-04,22,22,22,0,0,False,2025-12-04 14:45:00+00:00,2025-12-04 20:00:00+00:00,0
2025-12-05,22,22,22,0,0,False,2025-12-05 14:45:00+00:00,2025-12-05 20:00:00+00:00,0
2025-12-08,22,22,22,0,0,False,2025-12-08 14:45:00+00:00,2025-12-08 20:00:00+00:00,0
2025-12-09,22,22,22,0,0,False,2025-12-09 14:45:00+00:00,2025-12-09 20:00:00+00:00,0
2025-12-10,22,22,22,0,0,False,2025-12-10 14:45:00+00:00,2025-12-10 20:00:00+00:00,0
2025-12-11,22,22,22,0,0,False,2025-12-11 14:45:00+00:00,2025-12-11 20:00:00+00:00,0
2025-12-12,22,22,22,0,0,False,2025-12-12 14:45:00+00:00,2025-12-12 20:00:00+00:00,0
2025-12-15,22,22,22,0,0,False,2025-12-15 14:45:00+00:00,2025-12-15 20:00:00+00:00,0
2025-12-16,22,22,22,0,0,False,2025-12-16 14:45:00+00:00,2025-12-16 20:00:00+00:00,0
2025-12-17,22,22,22,0,0,False,2025-12-17 14:45:00+00:00,2025-12-17 20:00:00+00:00,0
2025-12-18,22,22,22,0,0,False,2025-12-18 14:45:00+00:00,2025-12-18 20:00:00+00:00,0
2025-12-19,22,22,22,0,0,False,2025-12-19 14:45:00+00:00,2025-12-19 20:00:00+00:00,0
2025-12-22,22,22,22,0,0,False,2025-12-22 14:45:00+00:00,2025-12-22 20:00:00+00:00,0
2025-12-23,22,22,22,0,0,False,2025-12-23 14:45:00+00:00,2025-12-23 20:00:00+00:00,0
2025-12-24,15,15,10,0,0,True,2025-12-24 14:45:00+00:00,2025-12-24 18:15:00+00:00,5
2025-12-26,22,22,22,0,0,False,2025-12-26 14:45:00+00:00,2025-12-26 20:00:00+00:00,0
2025-12-29,22,22,22,0,0,False,2025-12-29 14:45:00+00:00,2025-12-29 20:00:00+00:00,0
2025-12-30,22,22,22,0,0,False,2025-12-30 14:45:00+00:00,2025-12-30 20:00:00+00:00,0
2025-12-31,22,22,22,0,0,False,2025-12-31 14:45:00+00:00,2025-12-31 20:00:00+00:00,0
2026-01-02,22,22,22,0,0,False,2026-01-02 14:45:00+00:00,2026-01-02 20:00:00+00:00,0
2026-01-05,22,22,22,0,0,False,2026-01-05 14:45:00+00:00,2026-01-05 20:00:00+00:00,0
2026-01-06,22,22,22,0,0,False,2026-01-06 14:45:00+00:00,2026-01-06 20:00:00+00:00,0
2026-01-07,22,22,22,0,0,False,2026-01-07 14:45:00+00:00,2026-01-07 20:00:00+00:00,0
2026-01-08,22,22,22,0,0,False,2026-01-08 14:45:00+00:00,2026-01-08 20:00:00+00:00,0
2026-01-09,22,22,22,0,0,False,2026-01-09 14:45:00+00:00,2026-01-09 20:00:00+00:00,0
2026-01-12,22,22,22,0,0,False,2026-01-12 14:45:00+00:00,2026-01-12 20:00:00+00:00,0
2026-01-13,22,22,22,0,0,False,2026-01-13 14:45:00+00:00,2026-01-13 20:00:00+00:00,0
2026-01-14,22,22,22,0,0,False,2026-01-14 14:45:00+00:00,2026-01-14 20:00:00+00:00,0
2026-01-15,22,22,22,0,0,False,2026-01-15 14:45:00+00:00,2026-01-15 20:00:00+00:00,0
2026-01-16,22,22,22,0,0,False,2026-01-16 14:45:00+00:00,2026-01-16 20:00:00+00:00,0
2026-01-19,14,0,0,0,0,False,2026-01-19 14:45:00+00:00,2026-01-19 18:00:00+00:00,14
2026-01-20,22,22,22,0,0,False,2026-01-20 14:45:00+00:00,2026-01-20 20:00:00+00:00,0
2026-01-21,22,22,22,0,0,False,2026-01-21 14:45:00+00:00,2026-01-21 20:00:00+00:00,0
2026-01-22,22,22,22,0,0,False,2026-01-22 14:45:00+00:00,2026-01-22 20:00:00+00:00,0
2026-01-23,22,22,22,0,0,False,2026-01-23 14:45:00+00:00,2026-01-23 20:00:00+00:00,0
2026-01-26,22,22,22,0,0,False,2026-01-26 14:45:00+00:00,2026-01-26 20:00:00+00:00,0
2026-01-27,22,22,22,0,0,False,2026-01-27 14:45:00+00:00,2026-01-27 20:00:00+00:00,0
2026-01-28,22,22,22,0,0,False,2026-01-28 14:45:00+00:00,2026-01-28 20:00:00+00:00,0
2026-01-29,22,22,22,0,0,False,2026-01-29 14:45:00+00:00,2026-01-29 20:00:00+00:00,0
2026-01-30,22,22,22,0,0,False,2026-01-30 14:45:00+00:00,2026-01-30 20:00:00+00:00,0
2026-02-02,22,22,22,0,0,False,2026-02-02 14:45:00+00:00,2026-02-02 20:00:00+00:00,0
2026-02-03,22,22,22,0,0,False,2026-02-03 14:45:00+00:00,2026-02-03 20:00:00+00:00,0
2026-02-04,22,22,22,0,0,False,2026-02-04 14:45:00+00:00,2026-02-04 20:00:00+00:00,0
2026-02-05,22,22,22,0,0,False,2026-02-05 14:45:00+00:00,2026-02-05 20:00:00+00:00,0
2026-02-06,22,22,22,0,0,False,2026-02-06 14:45:00+00:00,2026-02-06 20:00:00+00:00,0
2026-02-09,22,22,22,0,0,False,2026-02-09 14:45:00+00:00,2026-02-09 20:00:00+00:00,0
2026-02-10,22,22,22,0,0,False,2026-02-10 14:45:00+00:00,2026-02-10 20:00:00+00:00,0
2026-02-11,22,22,22,0,0,False,2026-02-11 14:45:00+00:00,2026-02-11 20:00:00+00:00,0
2026-02-12,22,22,22,0,0,False,2026-02-12 14:45:00+00:00,2026-02-12 20:00:00+00:00,0
2026-02-13,22,22,22,0,0,False,2026-02-13 14:45:00+00:00,2026-02-13 20:00:00+00:00,0
2026-02-16,14,0,0,0,0,False,2026-02-16 14:45:00+00:00,2026-02-16 18:00:00+00:00,14
2026-02-17,22,22,22,0,0,False,2026-02-17 14:45:00+00:00,2026-02-17 20:00:00+00:00,0
2026-02-18,22,22,22,0,0,False,2026-02-18 14:45:00+00:00,2026-02-18 20:00:00+00:00,0
2026-02-19,22,22,22,0,0,False,2026-02-19 14:45:00+00:00,2026-02-19 20:00:00+00:00,0
2026-02-20,22,22,22,0,0,False,2026-02-20 14:45:00+00:00,2026-02-20 20:00:00+00:00,0
2026-02-23,22,22,22,0,0,False,2026-02-23 14:45:00+00:00,2026-02-23 20:00:00+00:00,0
2026-02-24,22,22,22,0,0,False,2026-02-24 14:45:00+00:00,2026-02-24 20:00:00+00:00,0
2026-02-25,22,22,22,0,0,False,2026-02-25 14:45:00+00:00,2026-02-25 20:00:00+00:00,0
2026-02-26,22,22,22,0,0,False,2026-02-26 14:45:00+00:00,2026-02-26 20:00:00+00:00,0
2026-02-27,22,22,22,0,0,False,2026-02-27 14:45:00+00:00,2026-02-27 20:00:00+00:00,0
2026-03-02,22,22,22,0,0,False,2026-03-02 14:45:00+00:00,2026-03-02 20:00:00+00:00,0
2026-03-03,22,22,22,0,0,False,2026-03-03 14:45:00+00:00,2026-03-03 20:00:00+00:00,0
2026-03-04,22,22,22,0,0,False,2026-03-04 14:45:00+00:00,2026-03-04 20:00:00+00:00,0
2026-03-05,22,22,22,0,0,False,2026-03-05 14:45:00+00:00,2026-03-05 20:00:00+00:00,0
2026-03-06,22,22,22,0,0,False,2026-03-06 14:45:00+00:00,2026-03-06 20:00:00+00:00,0
2026-03-09,22,22,22,0,0,False,2026-03-09 13:45:00+00:00,2026-03-09 19:00:00+00:00,0
2026-03-10,22,22,22,0,0,False,2026-03-10 13:45:00+00:00,2026-03-10 19:00:00+00:00,0
2026-03-11,22,22,22,0,0,False,2026-03-11 13:45:00+00:00,2026-03-11 19:00:00+00:00,0
2026-03-12,22,22,22,0,0,False,2026-03-12 13:45:00+00:00,2026-03-12 19:00:00+00:00,0
2026-03-13,22,22,22,0,0,False,2026-03-13 13:45:00+00:00,2026-03-13 19:00:00+00:00,0
2026-03-16,22,22,22,0,22,False,2026-03-16 13:45:00+00:00,2026-03-16 19:00:00+00:00,0
2026-03-17,22,22,22,0,0,False,2026-03-17 13:45:00+00:00,2026-03-17 19:00:00+00:00,0
2026-03-18,22,22,22,0,0,False,2026-03-18 13:45:00+00:00,2026-03-18 19:00:00+00:00,0
2026-03-19,22,22,22,0,0,False,2026-03-19 13:45:00+00:00,2026-03-19 19:00:00+00:00,0
2026-03-20,22,22,22,0,0,False,2026-03-20 13:45:00+00:00,2026-03-20 19:00:00+00:00,0
2026-03-23,22,22,22,0,0,False,2026-03-23 13:45:00+00:00,2026-03-23 19:00:00+00:00,0
2026-03-24,22,22,22,0,0,False,2026-03-24 13:45:00+00:00,2026-03-24 19:00:00+00:00,0
2026-03-25,22,22,22,0,0,False,2026-03-25 13:45:00+00:00,2026-03-25 19:00:00+00:00,0
2026-03-26,22,22,22,0,0,False,2026-03-26 13:45:00+00:00,2026-03-26 19:00:00+00:00,0
2026-03-27,22,22,22,0,0,False,2026-03-27 13:45:00+00:00,2026-03-27 19:00:00+00:00,0
2026-03-30,22,22,22,0,0,False,2026-03-30 13:45:00+00:00,2026-03-30 19:00:00+00:00,0
2026-03-31,22,22,22,0,0,False,2026-03-31 13:45:00+00:00,2026-03-31 19:00:00+00:00,0
2026-04-01,22,22,22,0,0,False,2026-04-01 13:45:00+00:00,2026-04-01 19:00:00+00:00,0
2026-04-02,22,22,22,0,0,False,2026-04-02 13:45:00+00:00,2026-04-02 19:00:00+00:00,0
2026-04-06,22,22,22,0,0,False,2026-04-06 13:45:00+00:00,2026-04-06 19:00:00+00:00,0
2026-04-07,22,22,22,0,0,False,2026-04-07 13:45:00+00:00,2026-04-07 19:00:00+00:00,0
2026-04-08,22,22,22,0,0,False,2026-04-08 13:45:00+00:00,2026-04-08 19:00:00+00:00,0
2026-04-09,22,22,22,0,0,False,2026-04-09 13:45:00+00:00,2026-04-09 19:00:00+00:00,0
2026-04-10,22,22,22,0,22,False,2026-04-10 13:45:00+00:00,2026-04-10 19:00:00+00:00,0
2026-04-13,22,22,22,0,0,False,2026-04-13 13:45:00+00:00,2026-04-13 19:00:00+00:00,0
2026-04-14,22,22,22,0,0,False,2026-04-14 13:45:00+00:00,2026-04-14 19:00:00+00:00,0
2026-04-15,22,22,22,0,0,False,2026-04-15 13:45:00+00:00,2026-04-15 19:00:00+00:00,0
2026-04-16,22,22,22,0,0,False,2026-04-16 13:45:00+00:00,2026-04-16 19:00:00+00:00,0
2026-04-17,22,22,22,0,0,False,2026-04-17 13:45:00+00:00,2026-04-17 19:00:00+00:00,0
2026-04-20,22,22,22,0,0,False,2026-04-20 13:45:00+00:00,2026-04-20 19:00:00+00:00,0
2026-04-21,22,22,22,0,0,False,2026-04-21 13:45:00+00:00,2026-04-21 19:00:00+00:00,0
2026-04-22,22,22,22,0,0,False,2026-04-22 13:45:00+00:00,2026-04-22 19:00:00+00:00,0
2026-04-23,22,22,22,0,0,False,2026-04-23 13:45:00+00:00,2026-04-23 19:00:00+00:00,0
2026-04-24,22,22,22,0,0,False,2026-04-24 13:45:00+00:00,2026-04-24 19:00:00+00:00,0
2026-04-27,22,22,22,0,0,False,2026-04-27 13:45:00+00:00,2026-04-27 19:00:00+00:00,0
2026-04-28,22,22,22,0,0,False,2026-04-28 13:45:00+00:00,2026-04-28 19:00:00+00:00,0
2026-04-29,22,22,22,0,0,False,2026-04-29 13:45:00+00:00,2026-04-29 19:00:00+00:00,0
2026-04-30,22,22,22,0,0,False,2026-04-30 13:45:00+00:00,2026-04-30 19:00:00+00:00,0
2026-05-01,22,22,22,0,0,False,2026-05-01 13:45:00+00:00,2026-05-01 19:00:00+00:00,0
2026-05-04,22,22,22,0,0,False,2026-05-04 13:45:00+00:00,2026-05-04 19:00:00+00:00,0
2026-05-05,22,22,22,0,0,False,2026-05-05 13:45:00+00:00,2026-05-05 19:00:00+00:00,0
2026-05-06,22,22,22,0,0,False,2026-05-06 13:45:00+00:00,2026-05-06 19:00:00+00:00,0
2026-05-07,22,22,22,0,0,False,2026-05-07 13:45:00+00:00,2026-05-07 19:00:00+00:00,0
2026-05-08,22,22,22,0,0,False,2026-05-08 13:45:00+00:00,2026-05-08 19:00:00+00:00,0
2026-05-11,22,22,22,0,0,False,2026-05-11 13:45:00+00:00,2026-05-11 19:00:00+00:00,0
2026-05-12,22,22,22,0,0,False,2026-05-12 13:45:00+00:00,2026-05-12 19:00:00+00:00,0
2026-05-13,22,22,22,0,0,False,2026-05-13 13:45:00+00:00,2026-05-13 19:00:00+00:00,0
2026-05-14,22,22,22,0,0,False,2026-05-14 13:45:00+00:00,2026-05-14 19:00:00+00:00,0
2026-05-15,22,22,22,0,0,False,2026-05-15 13:45:00+00:00,2026-05-15 19:00:00+00:00,0
2026-05-18,22,22,22,0,0,False,2026-05-18 13:45:00+00:00,2026-05-18 19:00:00+00:00,0
2026-05-19,22,22,22,0,0,False,2026-05-19 13:45:00+00:00,2026-05-19 19:00:00+00:00,0
2026-05-20,22,22,22,0,0,False,2026-05-20 13:45:00+00:00,2026-05-20 19:00:00+00:00,0
2026-05-21,22,22,22,0,0,False,2026-05-21 13:45:00+00:00,2026-05-21 19:00:00+00:00,0
2026-05-22,22,22,22,0,0,False,2026-05-22 13:45:00+00:00,2026-05-22 19:00:00+00:00,0
2026-05-25,14,0,0,0,0,False,2026-05-25 13:45:00+00:00,2026-05-25 17:00:00+00:00,14
2026-05-26,22,22,22,0,0,False,2026-05-26 13:45:00+00:00,2026-05-26 19:00:00+00:00,0
2026-05-27,22,22,22,0,0,False,2026-05-27 13:45:00+00:00,2026-05-27 19:00:00+00:00,0
2026-05-28,22,22,22,0,0,False,2026-05-28 13:45:00+00:00,2026-05-28 19:00:00+00:00,0
2026-05-29,22,22,22,0,0,False,2026-05-29 13:45:00+00:00,2026-05-29 19:00:00+00:00,0
2026-06-01,22,22,22,0,0,False,2026-06-01 13:45:00+00:00,2026-06-01 19:00:00+00:00,0
2026-06-02,22,22,22,0,0,False,2026-06-02 13:45:00+00:00,2026-06-02 19:00:00+00:00,0
2026-06-03,22,22,22,0,0,False,2026-06-03 13:45:00+00:00,2026-06-03 19:00:00+00:00,0
2026-06-04,22,22,22,0,0,False,2026-06-04 13:45:00+00:00,2026-06-04 19:00:00+00:00,0
2026-06-05,22,22,22,0,0,False,2026-06-05 13:45:00+00:00,2026-06-05 19:00:00+00:00,0
2026-06-08,22,22,22,0,0,False,2026-06-08 13:45:00+00:00,2026-06-08 19:00:00+00:00,0
2026-06-09,22,22,22,0,0,False,2026-06-09 13:45:00+00:00,2026-06-09 19:00:00+00:00,0
2026-06-10,22,22,22,0,0,False,2026-06-10 13:45:00+00:00,2026-06-10 19:00:00+00:00,0
2026-06-11,22,22,22,0,0,False,2026-06-11 13:45:00+00:00,2026-06-11 19:00:00+00:00,0
2026-06-12,22,22,22,0,0,False,2026-06-12 13:45:00+00:00,2026-06-12 19:00:00+00:00,0
2026-06-15,22,22,22,0,0,False,2026-06-15 13:45:00+00:00,2026-06-15 19:00:00+00:00,0
2026-06-16,22,22,22,0,0,False,2026-06-16 13:45:00+00:00,2026-06-16 19:00:00+00:00,0
2026-06-17,22,22,22,0,0,False,2026-06-17 13:45:00+00:00,2026-06-17 19:00:00+00:00,0
2026-06-18,22,22,22,0,0,False,2026-06-18 13:45:00+00:00,2026-06-18 19:00:00+00:00,0
2026-06-19,14,0,0,0,0,False,2026-06-19 13:45:00+00:00,2026-06-19 17:00:00+00:00,14
2026-06-22,22,22,22,0,0,False,2026-06-22 13:45:00+00:00,2026-06-22 19:00:00+00:00,0
2026-06-23,22,22,22,0,0,False,2026-06-23 13:45:00+00:00,2026-06-23 19:00:00+00:00,0
2026-06-24,22,22,22,0,0,False,2026-06-24 13:45:00+00:00,2026-06-24 19:00:00+00:00,0
2026-06-25,22,22,22,0,0,False,2026-06-25 13:45:00+00:00,2026-06-25 19:00:00+00:00,0
2026-06-26,22,22,22,0,0,False,2026-06-26 13:45:00+00:00,2026-06-26 19:00:00+00:00,0
2026-06-29,22,22,22,0,0,False,2026-06-29 13:45:00+00:00,2026-06-29 19:00:00+00:00,0
2026-06-30,22,22,22,0,0,False,2026-06-30 13:45:00+00:00,2026-06-30 19:00:00+00:00,0
2026-07-01,22,22,22,0,0,False,2026-07-01 13:45:00+00:00,2026-07-01 19:00:00+00:00,0
2026-07-02,22,22,22,0,0,False,2026-07-02 13:45:00+00:00,2026-07-02 19:00:00+00:00,0
2026-07-03,14,0,0,0,0,False,2026-07-03 13:45:00+00:00,2026-07-03 17:00:00+00:00,14
2026-07-06,22,22,22,0,0,False,2026-07-06 13:45:00+00:00,2026-07-06 19:00:00+00:00,0
2026-07-07,22,22,22,0,0,False,2026-07-07 13:45:00+00:00,2026-07-07 19:00:00+00:00,0
2026-07-08,22,22,22,0,0,False,2026-07-08 13:45:00+00:00,2026-07-08 19:00:00+00:00,0
2026-07-09,22,22,22,0,0,False,2026-07-09 13:45:00+00:00,2026-07-09 19:00:00+00:00,0
2026-07-10,22,22,22,0,0,False,2026-07-10 13:45:00+00:00,2026-07-10 19:00:00+00:00,0
2026-07-13,22,22,22,0,0,False,2026-07-13 13:45:00+00:00,2026-07-13 19:00:00+00:00,0
2026-07-14,22,22,22,0,0,False,2026-07-14 13:45:00+00:00,2026-07-14 19:00:00+00:00,0
2026-07-15,22,22,22,0,0,False,2026-07-15 13:45:00+00:00,2026-07-15 19:00:00+00:00,0
2026-07-16,22,22,22,0,0,False,2026-07-16 13:45:00+00:00,2026-07-16 19:00:00+00:00,0
2026-07-17,22,22,22,0,0,False,2026-07-17 13:45:00+00:00,2026-07-17 19:00:00+00:00,0
2026-07-20,22,22,22,0,0,False,2026-07-20 13:45:00+00:00,2026-07-20 19:00:00+00:00,0
2026-07-21,22,22,22,0,0,False,2026-07-21 13:45:00+00:00,2026-07-21 19:00:00+00:00,0
2026-07-22,22,22,22,0,0,False,2026-07-22 13:45:00+00:00,2026-07-22 19:00:00+00:00,0
2026-07-23,22,22,22,0,0,False,2026-07-23 13:45:00+00:00,2026-07-23 19:00:00+00:00,0
2026-07-24,22,22,22,0,0,False,2026-07-24 13:45:00+00:00,2026-07-24 19:00:00+00:00,0
2026-07-27,22,22,22,0,0,False,2026-07-27 13:45:00+00:00,2026-07-27 19:00:00+00:00,0
2026-07-28,22,22,22,0,0,False,2026-07-28 13:45:00+00:00,2026-07-28 19:00:00+00:00,0
2026-07-29,22,22,22,0,0,False,2026-07-29 13:45:00+00:00,2026-07-29 19:00:00+00:00,0
2026-07-30,22,22,22,0,22,False,2026-07-30 13:45:00+00:00,2026-07-30 19:00:00+00:00,0
2026-07-31,22,22,22,0,0,False,2026-07-31 13:45:00+00:00,2026-07-31 19:00:00+00:00,0
